IDENTIFICACIÓN,APELLIDOS Y NOMBRES,PERIODO ACADÉMICO,ESCUELA DEL PERSONAL,CARRERA DEL PERSONAL,DENOMINACIÓN CARGO,TIEMPO DE DEDICACIÓN,SEMANAS,CRITERIO DE HORAS CLASES,PERIODO ACADÉMICO,ASIGNATURA,CARRERA DE LA ASIGNATURA,CARRERA QUE COMPARTE LA ASIGNATURA,HORAS DE CLASES,TOTAL HORAS DE CLASES,ACTIVIDADES ESPECIFICAS DE DOCENCIA NO CLASES,HORAS PARA OTRAS ACTIVIDADES,TOTAL HORAS DE OTRAS ACTIVIDADES DE DOCENCIA,PORCENTAJE DE HORAS CLASES,CRITERIO,PROYECTO DE VINCULACIÓN (SI APLICA),HORAS DE VINCULACIÓN CON LA SOCIEDAD,TOTAL HORAS VINCULACIÓN,CRITERIO,NOMBRE DEL PROYECTO DE INVESTIGACIÓN (SI APLICA),HORAS INVESTIGACIÓN,TOTAL HORAS INVESTIGACIÓN,ACTIVIDAD GESTIÓN EDUCATIVA,DESCRIPCION DE ACTIVIDAD GESTIÓN EDUCATIVA,HORAS GESTIÓN EDUCATIVA,TOTAL HORAS GESTIÓN EDUCATIVA,TOTAL DE HORAS DE DEDICACIÓN,DIFERENCIA,FUERA RANGO HORAS CLASES,FUERA RANGO HORAS GESTIÓN
1,Docente Anónimo 1,2025 - 2026,DEPARTAMENTO TRANSVERSAL DE TEORÍAS CRÍTICAS Y PRÁCTICAS EXPERIMENTALES,DEPARTAMENTO TRANSVERSAL,,TIEMPO COMPLETO,48,,PERIODO B,LABORATORIO EN LA COMUNIDAD,DEPARTAMENTO TRANSVERSAL,,72,216,OTRAS ACTIVIDADES DOCENCIA,12,84,100,,,,0,,,,0,,,,0,300,0,SI,NO
,Docente Anónimo 1,2025 - 2026,DEPARTAMENTO TRANSVERSAL DE TEORÍAS CRÍTICAS Y PRÁCTICAS EXPERIMENTALES,DEPARTAMENTO TRANSVERSAL,,TIEMPO COMPLETO,48,,PERIODO B,LABORATORIO EN LA COMUNIDAD,DEPARTAMENTO TRANSVERSAL,,72,216,TUTORÍA ACADÉMICA,72,84,100,,,,0,,,,0,,,,0,300,0,SI,NO
,Docente Anónimo 1,2025 - 2026,DEPARTAMENTO TRANSVERSAL DE TEORÍAS CRÍTICAS Y PRÁCTICAS EXPERIMENTALES,DEPARTAMENTO TRANSVERSAL,,TIEMPO COMPLETO,48,,PERIODO B,LABORATORIO INTERDISCIPLINARIO,DEPARTAMENTO TRANSVERSAL,,72,216,,,84,,,,,0,,,,0,,,,0,300,0,SI,NO
2,Docente Anónimo 2,2025 - 2026,DEPARTAMENTO TRANSVERSAL DE TEORÍAS CRÍTICAS Y PRÁCTICAS EXPERIMENTALES,DEPARTAMENTO TRANSVERSAL,,TIEMPO COMPLETO,48,,PERIODO B,ELECTIVA I: PROBLEMAS CONTEMPORÁNEOS DE LAS ARTES,DEPARTAMENTO TRANSVERSAL,,72,288,OTRAS ACTIVIDADES DOCENCIA,12,84,100,,,,0,,,,0,,,,0,300,0,SI,NO
,Docente Anónimo 2,2025 - 2026,DEPARTAMENTO TRANSVERSAL DE TEORÍAS CRÍTICAS Y PRÁCTICAS EXPERIMENTALES,DEPARTAMENTO TRANSVERSAL,,TIEMPO COMPLETO,48,,PERIODO B,ELECTIVA I: PROBLEMAS CONTEMPORÁNEOS DE LAS ARTES,DEPARTAMENTO TRANSVERSAL,,72,288,TUTORÍA ACADÉMICA,72,84,100,,,,0,,,,0,,,,0,300,0,SI,NO
,Docente Anónimo 2,2025 - 2026,DEPARTAMENTO TRANSVERSAL DE TEORÍAS CRÍTICAS Y PRÁCTICAS EXPERIMENTALES,DEPARTAMENTO TRANSVERSAL,,TIEMPO COMPLETO,48,,PERIODO B,POLÍTICA Y CULTURA EN AMÉRICA LATINA,DEPARTAMENTO TRANSVERSAL,,72,288,,,84,,,,,0,,,,0,,,,0,300,0,SI,NO
,Docente Anónimo 2,2025 - 2026,DEPARTAMENTO TRANSVERSAL DE TEORÍAS CRÍTICAS Y PRÁCTICAS EXPERIMENTALES,DEPARTAMENTO TRANSVERSAL,,TIEMPO COMPLETO,48,,PERIODO B,POLÍTICA Y CULTURA EN AMÉRICA LATINA,DEPARTAMENTO TRANSVERSAL,,72,288,,,84,,,,,0,,,,0,,,,0,300,0,SI,NO
3,Docente Anónimo 3,2025 - 2026,DEPARTAMENTO TRANSVERSAL DE TEORÍAS CRÍTICAS Y PRÁCTICAS EXPERIMENTALES,DEPARTAMENTO TRANSVERSAL,,TIEMPO COMPLETO,20,,PERIODO B,LABORATORIO DE ARTE Y TECNOLOGÍA,DEPARTAMENTO TRANSVERSAL,,72,216,OTRAS ACTIVIDADES DOCENCIA,162,216,100,,,,0,,,,0,,,,0,432,0,SI,NO
,Docente Anónimo 3,2025 - 2026,DEPARTAMENTO TRANSVERSAL DE TEORÍAS CRÍTICAS Y PRÁCTICAS EXPERIMENTALES,DEPARTAMENTO TRANSVERSAL,,TIEMPO COMPLETO,20,,PERIODO B,LABORATORIO DE ARTE Y TECNOLOGÍA,DEPARTAMENTO TRANSVERSAL,,72,216,TUTORÍA ACADÉMICA,54,216,100,,,,0,,,,0,,,,0,432,0,SI,NO
,Docente Anónimo 3,2025 - 2026,DEPARTAMENTO TRANSVERSAL DE TEORÍAS CRÍTICAS Y PRÁCTICAS EXPERIMENTALES,DEPARTAMENTO TRANSVERSAL,,TIEMPO COMPLETO,20,,PERIODO B,LABORATORIO DE ARTE Y TECNOLOGÍA,DEPARTAMENTO TRANSVERSAL,,72,216,,,216,,,,,0,,,,0,,,,0,432,0,SI,NO
4,Docente Anónimo 4,2025 - 2026,DEPARTAMENTO TRANSVERSAL DE TEORÍAS CRÍTICAS Y PRÁCTICAS EXPERIMENTALES,DEPARTAMENTO TRANSVERSAL,DOCENTE INVITADO,TIEMPO COMPLETO,22,RANGO DE DOCENCIA PERSONAL ACADÉMICO INVITADO - TIEMPO COMPLETO,PERIODO A,LABORATORIO EN LA COMUNIDAD,DEPARTAMENTO TRANSVERSAL,,63,252,OTRAS ACTIVIDADES DOCENCIA,0,252,100,"PARTICIPACIÓN EN PROGRAMAS, PROYECTOS Y/O ACTIVIDADES DE VINCULACIÓN CON LA SOCIEDAD - TIEMPO COMPLETO",LA ESNAQUI: ESPACIOS CULTURALES DE PAZ Y CONVIVENCIA - VS-PR-2024-2-T. Memorando Nro. UA-VA-DTTCPE-2025-0098-M,220,220,"A) DISEÑAR, DIRIGIR Y/O EJECUTAR PROYECTOS DE INVESTIGACIÓN BÁSICA, APLICADA, TECNOLÓGICA Y EN ARTES, O PROYECTOS DE VINCULACIÓN ARTICULADOS A LA INVESTIGACIÓN, QUE SUPONGAN CREACIÓN, INNOVACIÓN, DIFUSIÓN Y TRANSFERENCIA DE LOS RESULTADOS OBTENIDOS.
B) REALIZAR INVESTIGACIÓN PARA LA COMPRESNIÍN, RECUPERACIÓN, FORTALECIMIENTO, PUESTA EN VALOR Y POTENCIACIÓN DE LOS SABERES ANCESTRALES.
C) DISEÑAR, ELABORAR Y/O PONER EN MARCHA METODOLOGÍAS, INSTRUMENTS, PROTOCOLOS O PROCEDIMIENTOS OPERATIVOS O DE INVESTIGACIÓN.
D) INVESTIGAR EN LABORATORIOS, CENTROS DOCUMENTALES Y DEMÁS INSTALACIONES HABILITADAS PARA ESTA FUNCIÓN, ASÍ COMO EN ENTORNOS SOCIALES NATURALES O VIRTUALES.
E)PARTICIPAR EN CONGRESOS, SEMINARIOS Y CONFERENCIAS PAR LA PRESENTACIÓND E AVACES Y RESULTADOS DE SUS INVESTIGACIONES.
F) DISEÑAR Y/O PARTICIPAR EN REDES Y PROGRAMAS DE INVESTIGACIÓN LOCAL, NACIONAL E INTERNACIONAL
G)PARTICIPAR EN COMITÉS O CONSEJOS ACADÉMICOS Y EDITORIALES DE REVISTAS CIENTÍFICAS Y ACADÉMICAS INDEXADAS Y/O ARBITRADAS, CURADURÍAS Y/O COMITÉS DE VALORACIÓN DE PROCESOS CREATIVOS, PRODUCCIONES ARTÍSTICAS Y OBRAS RELEVANTES EN EL CAMPO DE LAS ARTES
H) DIFUNDIR RESULTADOS Y BENEFCIOS SOCIALES DE LA INVESTIGACIÓN A TRAVÉS DE PUBLICACIONES, PRODUCCIONES ARTÍSTICAS, ACTUACIONES, CONCIERTOS, CREACIÓN Y ORGANIZACIÓN DE INSTALACIONES Y DE EXPOSICIONES,ENTRE OTROS.",TRAYECTORIAS DE VIDA. PUESTA EN VALOR DE LAS HISTORIAS DE VIDA Y ORGANIZACIÓN DE LAS MUJERES EN GUAYAQUIL VPIA-2025-27-PI,156,156,,,,0,880,0,NO,NO
,Docente Anónimo 4,2025 - 2026,DEPARTAMENTO TRANSVERSAL DE TEORÍAS CRÍTICAS Y PRÁCTICAS EXPERIMENTALES,DEPARTAMENTO TRANSVERSAL,DOCENTE INVITADO,TIEMPO COMPLETO,22,RANGO DE DOCENCIA PERSONAL ACADÉMICO INVITADO - TIEMPO COMPLETO,PERIODO A,LABORATORIO EN LA COMUNIDAD,DEPARTAMENTO TRANSVERSAL,,63,252,TUTORÍA ACADÉMICA,63,252,100,,,,220,,,,156,,,,0,880,0,NO,NO
,Docente Anónimo 4,2025 - 2026,DEPARTAMENTO TRANSVERSAL DE TEORÍAS CRÍTICAS Y PRÁCTICAS EXPERIMENTALES,DEPARTAMENTO TRANSVERSAL,DOCENTE INVITADO,TIEMPO COMPLETO,22,RANGO DE DOCENCIA PERSONAL ACADÉMICO INVITADO - TIEMPO COMPLETO,PERIODO A,LABORATORIO EN LA COMUNIDAD,DEPARTAMENTO TRANSVERSAL,,63,252,PLANIFICACIÓN DE CLASES,159,252,100,,,,220,,,,156,,,,0,880,0,NO,NO
,Docente Anónimo 4,2025 - 2026,DEPARTAMENTO TRANSVERSAL DE TEORÍAS CRÍTICAS Y PRÁCTICAS EXPERIMENTALES,DEPARTAMENTO TRANSVERSAL,DOCENTE INVITADO,TIEMPO COMPLETO,22,RANGO DE DOCENCIA PERSONAL ACADÉMICO INVITADO - TIEMPO COMPLETO,PERIODO A,LABORATORIO EN LA COMUNIDAD,DEPARTAMENTO TRANSVERSAL,,63,252,TUTORÍAS DE PRÁCTICAS PREPROFESIONALES - TIEMPO COMPLETO,30,252,100,,,,220,,,,156,,,,0,880,0,NO,NO
5,Docente Anónimo 5,2025 - 2026,DEPARTAMENTO TRANSVERSAL DE TEORÍAS CRÍTICAS Y PRÁCTICAS EXPERIMENTALES,DEPARTAMENTO TRANSVERSAL,AGREGADO 3,TIEMPO COMPLETO,48,RANGO DOCENCIA TITULAR POR SEMANA - TIEMPO COMPLETO,PERIODO B,HISTORIA Y TEORÍAS DE LAS ARTES II,DEPARTAMENTO TRANSVERSAL,,72,504,OTRAS ACTIVIDADES DOCENCIA,0,792,100,,,,0,CONFORMAR EL COMITÉ CONSULTIVO DE INVESTIGACIÓN,Designado mediante Memorando Nro. UA-VA-DTTCPE-2025-0024-M del 3 de febrero de 2025,240,720,"INTEGRANTE DE LOS DIFERENTES COMITÉS, MESAS INSTITUCIONALES, Y DEMÁS NORMADOS EN EL ESTATUTO DE LA UNIVERSIDAD DE LAS ARTES Y REGLAMENTOS CORRESPONDIENTES - NOMBRAMIENTO",Miembro de algunas comisiones de evaluación concurso méritos y oposición 2025 resolución UA-OCS-2025-04,144,192,1920,0,NO,NO
,Docente Anónimo 5,2025 - 2026,DEPARTAMENTO TRANSVERSAL DE TEORÍAS CRÍTICAS Y PRÁCTICAS EXPERIMENTALES,DEPARTAMENTO TRANSVERSAL,AGREGADO 3,TIEMPO COMPLETO,48,RANGO DOCENCIA TITULAR POR SEMANA - TIEMPO COMPLETO,PERIODO B,HISTORIA Y TEORÍAS DE LAS ARTES II,DEPARTAMENTO TRANSVERSAL,,72,504,OTRAS ACTIVIDADES DOCENCIA,0,792,100,,,,0,"EJECUTAR PROCESOS DE INVESTIGACIÓN CIENTÍFICA O ARTÍSTICA CON EL FIN DE GENERAR PRODUCTOS ACREDITABLES A LA UARTES.
DIRIGIR PROCESOS CURATORIALES. 
* TODAS ESTAS ACTIVIDADES DEBERÁN TOMAR EN CUENTA ELEMENTOS DE PRESENTACIÓN Y DIFUSIÓN DE RESULTADOS DE LA INVESTIGACIÓN.",INMORTALIDAD PARA TODOS: CAMPAÑA DE CONCIENTIZACIÓN SOBRE LA TRANSCENDENCIA A TRAVÈS DEL ARTE VPIA-2025-17-PI,480,720,INTEGRANTES SUPLENTES DEL ÓRGANO COLEGIADO SUPERIOR - NOMBRAMIENTO,Resolución N° UA-TRIBUNAL_ELECTORAL-2024-009-RES,48,192,1920,0,NO,NO
,Docente Anónimo 5,2025 - 2026,DEPARTAMENTO TRANSVERSAL DE TEORÍAS CRÍTICAS Y PRÁCTICAS EXPERIMENTALES,DEPARTAMENTO TRANSVERSAL,AGREGADO 3,TIEMPO COMPLETO,48,RANGO DOCENCIA TITULAR POR SEMANA - TIEMPO COMPLETO,PERIODO B,ESTÉTICA Y FILOSOFÍA DE LAS ARTES,DEPARTAMENTO TRANSVERSAL,,72,504,TUTORÍA ACADÉMICA,54,792,100,,,,0,,,,720,,,,192,1920,0,NO,NO
,Docente Anónimo 5,2025 - 2026,DEPARTAMENTO TRANSVERSAL DE TEORÍAS CRÍTICAS Y PRÁCTICAS EXPERIMENTALES,DEPARTAMENTO TRANSVERSAL,AGREGADO 3,TIEMPO COMPLETO,48,RANGO DOCENCIA TITULAR POR SEMANA - TIEMPO COMPLETO,PERIODO B,ESTÉTICA Y FILOSOFÍA DE LAS ARTES,DEPARTAMENTO TRANSVERSAL,,72,504,TUTORÍA ACADÉMICA,72,792,100,,,,0,,,,720,,,,192,1920,0,NO,NO
,Docente Anónimo 5,2025 - 2026,DEPARTAMENTO TRANSVERSAL DE TEORÍAS CRÍTICAS Y PRÁCTICAS EXPERIMENTALES,DEPARTAMENTO TRANSVERSAL,AGREGADO 3,TIEMPO COMPLETO,48,RANGO DOCENCIA TITULAR POR SEMANA - TIEMPO COMPLETO,PERIODO A,HISTORIA Y TEORÍAS DE LAS ARTES II,DEPARTAMENTO TRANSVERSAL,,72,504,HORAS CLASE,288,792,100,,,,0,,,,720,,,,192,1920,0,NO,NO
,Docente Anónimo 5,2025 - 2026,DEPARTAMENTO TRANSVERSAL DE TEORÍAS CRÍTICAS Y PRÁCTICAS EXPERIMENTALES,DEPARTAMENTO TRANSVERSAL,AGREGADO 3,TIEMPO COMPLETO,48,RANGO DOCENCIA TITULAR POR SEMANA - TIEMPO COMPLETO,PERIODO A,ESTÉTICA Y FILOSOFÍA DE LAS ARTES,DEPARTAMENTO TRANSVERSAL,,72,504,PLANIFICACIÓN DE CLASES,216,792,100,,,,0,,,,720,,,,192,1920,0,NO,NO
,Docente Anónimo 5,2025 - 2026,DEPARTAMENTO TRANSVERSAL DE TEORÍAS CRÍTICAS Y PRÁCTICAS EXPERIMENTALES,DEPARTAMENTO TRANSVERSAL,AGREGADO 3,TIEMPO COMPLETO,48,RANGO DOCENCIA TITULAR POR SEMANA - TIEMPO COMPLETO,PERIODO A,ESTÉTICA Y FILOSOFÍA DE LAS ARTES,DEPARTAMENTO TRANSVERSAL,,72,504,PLANIFICACIÓN DE CLASES,162,792,100,,,,0,,,,720,,,,192,1920,0,NO,NO
6,Docente Anónimo 6,2025 - 2026,DEPARTAMENTO TRANSVERSAL DE TEORÍAS CRÍTICAS Y PRÁCTICAS EXPERIMENTALES,DEPARTAMENTO TRANSVERSAL,DOCENTE OCASIONAL CON TÍTULO DE MAESTRÍA,TIEMPO COMPLETO,48,RANGO DOCENCIA OCASIONAL/HONORARIO/EMÉRITO POR SEMANA - TIEMPO COMPLETO,PERIODO B,HISTORIA Y TEORÍAS DE LAS ARTES I,DEPARTAMENTO TRANSVERSAL,,72,888,OTRAS ACTIVIDADES DOCENCIA,0,1320,100,,,,0,"PARTICIPAR EN PROCESOS O PROYECTOS DE INVESTIGACIÓN FORMATIVA, PEDAGÓGICA O INNOVACIÓN EDUCATIVA.
*PARTICIPAR EN PROCESOS O PROYECTOS DE INVESTIGACIÓN FORMATIVA
*REMITIR REPORTES DE ACTIVIDADES Y RESULTADOS
*PARTICIPAR EN ACTIVIDADES DE SOCIALIZACIÓN DE LOS RESULTADOS",DISEÑAR PROPUESTAS DE ESPACIOS FORMATIVOS PARA LOS PROCESOS INTERDISCIPLINARES Y DE HISTORIA DE LAS ARTES EN EL CONTEXTO DE LA IMPLEMENTACIÓN DEL MODELO EDUCATIVO. Memorando Nro. UA-VA-DTTCPE-2025-0099-M,144,144,,,,0,1920,0,NO,NO
,Docente Anónimo 6,2025 - 2026,DEPARTAMENTO TRANSVERSAL DE TEORÍAS CRÍTICAS Y PRÁCTICAS EXPERIMENTALES,DEPARTAMENTO TRANSVERSAL,DOCENTE OCASIONAL CON TÍTULO DE MAESTRÍA,TIEMPO COMPLETO,48,RANGO DOCENCIA OCASIONAL/HONORARIO/EMÉRITO POR SEMANA - TIEMPO COMPLETO,PERIODO B,HISTORIA Y TEORÍAS DE LAS ARTES I,DEPARTAMENTO TRANSVERSAL,,72,888,OTRAS ACTIVIDADES DOCENCIA,324,1320,100,,,,0,,,,144,,,,0,1920,0,NO,NO
,Docente Anónimo 6,2025 - 2026,DEPARTAMENTO TRANSVERSAL DE TEORÍAS CRÍTICAS Y PRÁCTICAS EXPERIMENTALES,DEPARTAMENTO TRANSVERSAL,DOCENTE OCASIONAL CON TÍTULO DE MAESTRÍA,TIEMPO COMPLETO,48,RANGO DOCENCIA OCASIONAL/HONORARIO/EMÉRITO POR SEMANA - TIEMPO COMPLETO,PERIODO B,HISTORIA Y TEORÍAS DE LAS ARTES I,DEPARTAMENTO TRANSVERSAL,,72,888,TUTORÍA ACADÉMICA,132,1320,100,,,,0,,,,144,,,,0,1920,0,NO,NO
,Docente Anónimo 6,2025 - 2026,DEPARTAMENTO TRANSVERSAL DE TEORÍAS CRÍTICAS Y PRÁCTICAS EXPERIMENTALES,DEPARTAMENTO TRANSVERSAL,DOCENTE OCASIONAL CON TÍTULO DE MAESTRÍA,TIEMPO COMPLETO,48,RANGO DOCENCIA OCASIONAL/HONORARIO/EMÉRITO POR SEMANA - TIEMPO COMPLETO,PERIODO B,HISTORIA Y TEORÍAS DE LAS ARTES II,DEPARTAMENTO TRANSVERSAL,,72,888,TUTORÍA ACADÉMICA,108,1320,100,,,,0,,,,144,,,,0,1920,0,NO,NO
,Docente Anónimo 6,2025 - 2026,DEPARTAMENTO TRANSVERSAL DE TEORÍAS CRÍTICAS Y PRÁCTICAS EXPERIMENTALES,DEPARTAMENTO TRANSVERSAL,DOCENTE OCASIONAL CON TÍTULO DE MAESTRÍA,TIEMPO COMPLETO,48,RANGO DOCENCIA OCASIONAL/HONORARIO/EMÉRITO POR SEMANA - TIEMPO COMPLETO,PERIODO B,HISTORIA Y TEORÍAS DE LAS ARTES II,DEPARTAMENTO TRANSVERSAL,,72,888,HORAS CLASE,432,1320,100,,,,0,,,,144,,,,0,1920,0,NO,NO
,Docente Anónimo 6,2025 - 2026,DEPARTAMENTO TRANSVERSAL DE TEORÍAS CRÍTICAS Y PRÁCTICAS EXPERIMENTALES,DEPARTAMENTO TRANSVERSAL,DOCENTE OCASIONAL CON TÍTULO DE MAESTRÍA,TIEMPO COMPLETO,48,RANGO DOCENCIA OCASIONAL/HONORARIO/EMÉRITO POR SEMANA - TIEMPO COMPLETO,PERIODO B,HISTORIA Y TEORÍAS DE LAS ARTES II,DEPARTAMENTO TRANSVERSAL,,72,888,PLANIFICACIÓN DE CLASES,0,1320,100,,,,0,,,,144,,,,0,1920,0,NO,NO
,Docente Anónimo 6,2025 - 2026,DEPARTAMENTO TRANSVERSAL DE TEORÍAS CRÍTICAS Y PRÁCTICAS EXPERIMENTALES,DEPARTAMENTO TRANSVERSAL,DOCENTE OCASIONAL CON TÍTULO DE MAESTRÍA,TIEMPO COMPLETO,48,RANGO DOCENCIA OCASIONAL/HONORARIO/EMÉRITO POR SEMANA - TIEMPO COMPLETO,PERIODO A,HISTORIA Y TEORÍAS DE LAS ARTES I,DEPARTAMENTO TRANSVERSAL,,72,888,PLANIFICACIÓN DE CLASES,324,1320,100,,,,0,,,,144,,,,0,1920,0,NO,NO
,Docente Anónimo 6,2025 - 2026,DEPARTAMENTO TRANSVERSAL DE TEORÍAS CRÍTICAS Y PRÁCTICAS EXPERIMENTALES,DEPARTAMENTO TRANSVERSAL,DOCENTE OCASIONAL CON TÍTULO DE MAESTRÍA,TIEMPO COMPLETO,48,RANGO DOCENCIA OCASIONAL/HONORARIO/EMÉRITO POR SEMANA - TIEMPO COMPLETO,PERIODO A,HISTORIA Y TEORÍAS DE LAS ARTES I,DEPARTAMENTO TRANSVERSAL,,72,888,,,1320,,,,,0,,,,144,,,,0,1920,0,NO,NO
,Docente Anónimo 6,2025 - 2026,DEPARTAMENTO TRANSVERSAL DE TEORÍAS CRÍTICAS Y PRÁCTICAS EXPERIMENTALES,DEPARTAMENTO TRANSVERSAL,DOCENTE OCASIONAL CON TÍTULO DE MAESTRÍA,TIEMPO COMPLETO,48,RANGO DOCENCIA OCASIONAL/HONORARIO/EMÉRITO POR SEMANA - TIEMPO COMPLETO,PERIODO A,HISTORIA Y TEORÍAS DE LAS ARTES I,DEPARTAMENTO TRANSVERSAL,,72,888,,,1320,,,,,0,,,,144,,,,0,1920,0,NO,NO
,Docente Anónimo 6,2025 - 2026,DEPARTAMENTO TRANSVERSAL DE TEORÍAS CRÍTICAS Y PRÁCTICAS EXPERIMENTALES,DEPARTAMENTO TRANSVERSAL,DOCENTE OCASIONAL CON TÍTULO DE MAESTRÍA,TIEMPO COMPLETO,48,RANGO DOCENCIA OCASIONAL/HONORARIO/EMÉRITO POR SEMANA - TIEMPO COMPLETO,PERIODO A,HISTORIA Y TEORÍAS DE LAS ARTES II,DEPARTAMENTO TRANSVERSAL,,72,888,,,1320,,,,,0,,,,144,,,,0,1920,0,NO,NO
,Docente Anónimo 6,2025 - 2026,DEPARTAMENTO TRANSVERSAL DE TEORÍAS CRÍTICAS Y PRÁCTICAS EXPERIMENTALES,DEPARTAMENTO TRANSVERSAL,DOCENTE OCASIONAL CON TÍTULO DE MAESTRÍA,TIEMPO COMPLETO,48,RANGO DOCENCIA OCASIONAL/HONORARIO/EMÉRITO POR SEMANA - TIEMPO COMPLETO,PERIODO A,HISTORIA Y TEORÍAS DE LAS ARTES II,DEPARTAMENTO TRANSVERSAL,,72,888,,,1320,,,,,0,,,,144,,,,0,1920,0,NO,NO
,Docente Anónimo 6,2025 - 2026,DEPARTAMENTO TRANSVERSAL DE TEORÍAS CRÍTICAS Y PRÁCTICAS EXPERIMENTALES,DEPARTAMENTO TRANSVERSAL,DOCENTE OCASIONAL CON TÍTULO DE MAESTRÍA,TIEMPO COMPLETO,48,RANGO DOCENCIA OCASIONAL/HONORARIO/EMÉRITO POR SEMANA - TIEMPO COMPLETO,PERIODO A,HISTORIA Y TEORÍAS DE LAS ARTES II,DEPARTAMENTO TRANSVERSAL,,72,888,,,1320,,,,,0,,,,144,,,,0,1920,0,NO,NO
,Docente Anónimo 6,2025 - 2026,DEPARTAMENTO TRANSVERSAL DE TEORÍAS CRÍTICAS Y PRÁCTICAS EXPERIMENTALES,DEPARTAMENTO TRANSVERSAL,DOCENTE OCASIONAL CON TÍTULO DE MAESTRÍA,TIEMPO COMPLETO,48,RANGO DOCENCIA OCASIONAL/HONORARIO/EMÉRITO POR SEMANA - TIEMPO COMPLETO,PERIODO A,UNIDAD DE INTEGRACIÓN CURRICULAR,LICENCIATURA EN ARTES VISUALES,,24,888,,,1320,,,,,0,,,,144,,,,0,1920,0,NO,NO
7,Docente Anónimo 7,2025 - 2026,DEPARTAMENTO TRANSVERSAL DE TEORÍAS CRÍTICAS Y PRÁCTICAS EXPERIMENTALES,DEPARTAMENTO TRANSVERSAL,DOCENTE OCASIONAL CON TÍTULO DE DOCTORADO,TIEMPO COMPLETO,48,RANGO DOCENCIA OCASIONAL/HONORARIO/EMÉRITO POR SEMANA - TIEMPO COMPLETO,PERIODO B,ELECTIVA I: PROBLEMAS CONTEMPORÁNEOS DE LAS ARTES,DEPARTAMENTO TRANSVERSAL,,72,432,OTRAS ACTIVIDADES DOCENCIA,0,648,100,DIRECCIÓN / CODIRECCIÓN DE PROGRAMAS Y PROYECTOS DE VINCULACIÓN CON LA SOCIEDAD,"TRAYECTORIAS DE VIDA. PUESTA EN VALOR DE LAS HISTORIAS DE VIDA Y ORGANIZACIÓN DE LAS MUJERES EN GUAYAQUIL. - VS-PR-2024-1-T NOTIFICADO POR MEMORANDO NRO. UA-VA-DTTCPE-2024-0083-M DE 15 DE MAYO POR Directora del Departamento Transversal, Ana Carrillo.",480,480,"EJECUTAR PROCESOS DE INVESTIGACIÓN CIENTÍFICA O ARTÍSTICA CON EL FIN DE GENERAR PRODUCTOS ACREDITABLES A LA UARTES.
DIRIGIR PROCESOS CURATORIALES. 
* TODAS ESTAS ACTIVIDADES DEBERÁN TOMAR EN CUENTA ELEMENTOS DE PRESENTACIÓN Y DIFUSIÓN DE RESULTADOS DE LA INVESTIGACIÓN.",TRAYECTORIAS DE VIDA. PUESTA EN VALOR DE LAS HISTORIAS DE VIDA Y ORGANIZACIÓN DE LAS MUJERES EN GUAYAQUIL VPIA-2025-27-PI,480,480,INTEGRANTES PRINCIPALES DE LOS CONSEJOS DE ESCUELA - OCASIONAL,CDE Literatura UA-VA-DTTCPE-2023-0074-M,96,96,1920,0,NO,NO
,Docente Anónimo 7,2025 - 2026,DEPARTAMENTO TRANSVERSAL DE TEORÍAS CRÍTICAS Y PRÁCTICAS EXPERIMENTALES,DEPARTAMENTO TRANSVERSAL,DOCENTE OCASIONAL CON TÍTULO DE DOCTORADO,TIEMPO COMPLETO,48,RANGO DOCENCIA OCASIONAL/HONORARIO/EMÉRITO POR SEMANA - TIEMPO COMPLETO,PERIODO B,POLÍTICA Y CULTURA EN AMÉRICA LATINA,DEPARTAMENTO TRANSVERSAL,,72,432,OTRAS ACTIVIDADES DOCENCIA,0,648,100,,,,480,,,,480,,,,96,1920,0,NO,NO
,Docente Anónimo 7,2025 - 2026,DEPARTAMENTO TRANSVERSAL DE TEORÍAS CRÍTICAS Y PRÁCTICAS EXPERIMENTALES,DEPARTAMENTO TRANSVERSAL,DOCENTE OCASIONAL CON TÍTULO DE DOCTORADO,TIEMPO COMPLETO,48,RANGO DOCENCIA OCASIONAL/HONORARIO/EMÉRITO POR SEMANA - TIEMPO COMPLETO,PERIODO B,ELECTIVA II: HERRAMIENTAS PROFESIONALIZANTES,DEPARTAMENTO TRANSVERSAL,,72,432,TUTORÍA ACADÉMICA,54,648,100,,,,480,,,,480,,,,96,1920,0,NO,NO
,Docente Anónimo 7,2025 - 2026,DEPARTAMENTO TRANSVERSAL DE TEORÍAS CRÍTICAS Y PRÁCTICAS EXPERIMENTALES,DEPARTAMENTO TRANSVERSAL,DOCENTE OCASIONAL CON TÍTULO DE DOCTORADO,TIEMPO COMPLETO,48,RANGO DOCENCIA OCASIONAL/HONORARIO/EMÉRITO POR SEMANA - TIEMPO COMPLETO,PERIODO A,POLÍTICA Y CULTURA EN AMÉRICA LATINA,DEPARTAMENTO TRANSVERSAL,,72,432,TUTORÍA ACADÉMICA,54,648,100,,,,480,,,,480,,,,96,1920,0,NO,NO
,Docente Anónimo 7,2025 - 2026,DEPARTAMENTO TRANSVERSAL DE TEORÍAS CRÍTICAS Y PRÁCTICAS EXPERIMENTALES,DEPARTAMENTO TRANSVERSAL,DOCENTE OCASIONAL CON TÍTULO DE DOCTORADO,TIEMPO COMPLETO,48,RANGO DOCENCIA OCASIONAL/HONORARIO/EMÉRITO POR SEMANA - TIEMPO COMPLETO,PERIODO A,POLÍTICA Y CULTURA EN AMÉRICA LATINA,DEPARTAMENTO TRANSVERSAL,,72,432,HORAS CLASE,216,648,100,,,,480,,,,480,,,,96,1920,0,NO,NO
,Docente Anónimo 7,2025 - 2026,DEPARTAMENTO TRANSVERSAL DE TEORÍAS CRÍTICAS Y PRÁCTICAS EXPERIMENTALES,DEPARTAMENTO TRANSVERSAL,DOCENTE OCASIONAL CON TÍTULO DE DOCTORADO,TIEMPO COMPLETO,48,RANGO DOCENCIA OCASIONAL/HONORARIO/EMÉRITO POR SEMANA - TIEMPO COMPLETO,PERIODO A,ELECTIVA II: HERRAMIENTAS PROFESIONALIZANTES,DEPARTAMENTO TRANSVERSAL,,72,432,PLANIFICACIÓN DE CLASES,162,648,100,,,,480,,,,480,,,,96,1920,0,NO,NO
,Docente Anónimo 7,2025 - 2026,DEPARTAMENTO TRANSVERSAL DE TEORÍAS CRÍTICAS Y PRÁCTICAS EXPERIMENTALES,DEPARTAMENTO TRANSVERSAL,DOCENTE OCASIONAL CON TÍTULO DE DOCTORADO,TIEMPO COMPLETO,48,,,,,,,,PLANIFICACIÓN DE CLASES,162,648,100,,,,480,,,,480,,,,96,1920,0,NO,NO
8,Docente Anónimo 8,2025 - 2026,DEPARTAMENTO TRANSVERSAL DE TEORÍAS CRÍTICAS Y PRÁCTICAS EXPERIMENTALES,DEPARTAMENTO TRANSVERSAL,DOCENTE OCASIONAL CON TÍTULO DE MAESTRÍA,TIEMPO COMPLETO,48,RANGO DOCENCIA OCASIONAL/HONORARIO/EMÉRITO POR SEMANA - TIEMPO COMPLETO,PERIODO B,LABORATORIO DE ARTE Y TECNOLOGÍA,DEPARTAMENTO TRANSVERSAL,,72,576,OTRAS ACTIVIDADES DOCENCIA,0,864,100,,,,0,"EJECUTAR PROCESOS DE INVESTIGACIÓN CIENTÍFICA O ARTÍSTICA CON EL FIN DE GENERAR PRODUCTOS ACREDITABLES A LA UARTES.
DIRIGIR PROCESOS CURATORIALES. 
* TODAS ESTAS ACTIVIDADES DEBERÁN TOMAR EN CUENTA ELEMENTOS DE PRESENTACIÓN Y DIFUSIÓN DE RESULTADOS DE LA INVESTIGACIÓN.",S.E.R. SOÑANDO EN RED (DREAM WE MUST!) VPIA-2025-25-PI,480,480,GESTIÓN DE SOPORTE Y APOYO AL ENTORNO VIRTUAL DE APRENDIZAJE - OCASIONAL,Memorando Nro. UA-VA-DTTCPE-2025-0091-M,208,288,1920,0,NO,NO
,Docente Anónimo 8,2025 - 2026,DEPARTAMENTO TRANSVERSAL DE TEORÍAS CRÍTICAS Y PRÁCTICAS EXPERIMENTALES,DEPARTAMENTO TRANSVERSAL,DOCENTE OCASIONAL CON TÍTULO DE MAESTRÍA,TIEMPO COMPLETO,48,RANGO DOCENCIA OCASIONAL/HONORARIO/EMÉRITO POR SEMANA - TIEMPO COMPLETO,PERIODO B,LABORATORIO DE ARTE Y TECNOLOGÍA,DEPARTAMENTO TRANSVERSAL,,72,576,OTRAS ACTIVIDADES DOCENCIA,0,864,100,,,,0,,,,480,APOYAR LA ORGANIZACIÓN DE EVENTOS ACADÉMICOS NACIONALES O INTERNACIONALES - OCASIONAL,Montaje prototeca interactos Memorando Nro. UA-VA-DTTCPE-2025-0100-M,80,288,1920,0,NO,NO
,Docente Anónimo 8,2025 - 2026,DEPARTAMENTO TRANSVERSAL DE TEORÍAS CRÍTICAS Y PRÁCTICAS EXPERIMENTALES,DEPARTAMENTO TRANSVERSAL,DOCENTE OCASIONAL CON TÍTULO DE MAESTRÍA,TIEMPO COMPLETO,48,RANGO DOCENCIA OCASIONAL/HONORARIO/EMÉRITO POR SEMANA - TIEMPO COMPLETO,PERIODO B,LABORATORIO INTERDISCIPLINARIO,DEPARTAMENTO TRANSVERSAL,,72,576,TUTORÍA ACADÉMICA,72,864,100,,,,0,,,,480,,,,288,1920,0,NO,NO
,Docente Anónimo 8,2025 - 2026,DEPARTAMENTO TRANSVERSAL DE TEORÍAS CRÍTICAS Y PRÁCTICAS EXPERIMENTALES,DEPARTAMENTO TRANSVERSAL,DOCENTE OCASIONAL CON TÍTULO DE MAESTRÍA,TIEMPO COMPLETO,48,RANGO DOCENCIA OCASIONAL/HONORARIO/EMÉRITO POR SEMANA - TIEMPO COMPLETO,PERIODO B,LABORATORIO INTERDISCIPLINARIO,DEPARTAMENTO TRANSVERSAL,,72,576,TUTORÍA ACADÉMICA,72,864,100,,,,0,,,,480,,,,288,1920,0,NO,NO
,Docente Anónimo 8,2025 - 2026,DEPARTAMENTO TRANSVERSAL DE TEORÍAS CRÍTICAS Y PRÁCTICAS EXPERIMENTALES,DEPARTAMENTO TRANSVERSAL,DOCENTE OCASIONAL CON TÍTULO DE MAESTRÍA,TIEMPO COMPLETO,48,RANGO DOCENCIA OCASIONAL/HONORARIO/EMÉRITO POR SEMANA - TIEMPO COMPLETO,PERIODO A,LABORATORIO DE ARTE Y TECNOLOGÍA,DEPARTAMENTO TRANSVERSAL,,72,576,HORAS CLASE,288,864,100,,,,0,,,,480,,,,288,1920,0,NO,NO
,Docente Anónimo 8,2025 - 2026,DEPARTAMENTO TRANSVERSAL DE TEORÍAS CRÍTICAS Y PRÁCTICAS EXPERIMENTALES,DEPARTAMENTO TRANSVERSAL,DOCENTE OCASIONAL CON TÍTULO DE MAESTRÍA,TIEMPO COMPLETO,48,RANGO DOCENCIA OCASIONAL/HONORARIO/EMÉRITO POR SEMANA - TIEMPO COMPLETO,PERIODO A,LABORATORIO DE ARTE Y TECNOLOGÍA,DEPARTAMENTO TRANSVERSAL,,72,576,PLANIFICACIÓN DE CLASES,216,864,100,,,,0,,,,480,,,,288,1920,0,NO,NO
,Docente Anónimo 8,2025 - 2026,DEPARTAMENTO TRANSVERSAL DE TEORÍAS CRÍTICAS Y PRÁCTICAS EXPERIMENTALES,DEPARTAMENTO TRANSVERSAL,DOCENTE OCASIONAL CON TÍTULO DE MAESTRÍA,TIEMPO COMPLETO,48,RANGO DOCENCIA OCASIONAL/HONORARIO/EMÉRITO POR SEMANA - TIEMPO COMPLETO,PERIODO A,LABORATORIO INTERDISCIPLINARIO,DEPARTAMENTO TRANSVERSAL,,72,576,PLANIFICACIÓN DE CLASES,216,864,100,,,,0,,,,480,,,,288,1920,0,NO,NO
,Docente Anónimo 8,2025 - 2026,DEPARTAMENTO TRANSVERSAL DE TEORÍAS CRÍTICAS Y PRÁCTICAS EXPERIMENTALES,DEPARTAMENTO TRANSVERSAL,DOCENTE OCASIONAL CON TÍTULO DE MAESTRÍA,TIEMPO COMPLETO,48,RANGO DOCENCIA OCASIONAL/HONORARIO/EMÉRITO POR SEMANA - TIEMPO COMPLETO,PERIODO A,LABORATORIO INTERDISCIPLINARIO,DEPARTAMENTO TRANSVERSAL,,72,576,,,864,,,,,0,,,,480,,,,288,1920,0,NO,NO
9,Docente Anónimo 9,2025 - 2026,DEPARTAMENTO TRANSVERSAL DE TEORÍAS CRÍTICAS Y PRÁCTICAS EXPERIMENTALES,DEPARTAMENTO TRANSVERSAL,DOCENTE OCASIONAL CON TÍTULO DE DOCTORADO,TIEMPO COMPLETO,48,EXCEPCIONALIDADES CARGA DE HORAS PARA DOCENCIA PERSONAL ACADÉMICO OCASIONAL - TIEMPO COMPLETO,PERIODO B,ELECTIVA II: HERRAMIENTAS PROFESIONALIZANTES,DEPARTAMENTO TRANSVERSAL,,72,288,OTRAS ACTIVIDADES DOCENCIA,0,432,100,,,,0,"EJECUTAR PROCESOS DE INVESTIGACIÓN CIENTÍFICA O ARTÍSTICA CON EL FIN DE GENERAR PRODUCTOS ACREDITABLES A LA UARTES.
DIRIGIR PROCESOS CURATORIALES. 
* TODAS ESTAS ACTIVIDADES DEBERÁN TOMAR EN CUENTA ELEMENTOS DE PRESENTACIÓN Y DIFUSIÓN DE RESULTADOS DE LA INVESTIGACIÓN.","ARTES, CULTURA Y POLÍTICA EN AMÉRICA LATINA: INSTITUCIONALIDAD, ACTORES Y MODOS DE PRODUCCIÓN - VPIA-2025-02-PI;  ECONOMÍA, ARTE Y TECNOLOGÍA: EL ORO Y LA DATA COMO INSTRUMENTOS SIMBÓLICOS DE PODER. VPIA-2025-10-PI",384,384,DIRECTOR/A DEL INSTITUTO LATINOAMERICANO DE INVESTIACIÓN EN ARTES,Designación UA-R-2023-0555-M,960,960,1920,0,NO,NO
,Docente Anónimo 9,2025 - 2026,DEPARTAMENTO TRANSVERSAL DE TEORÍAS CRÍTICAS Y PRÁCTICAS EXPERIMENTALES,DEPARTAMENTO TRANSVERSAL,DOCENTE OCASIONAL CON TÍTULO DE DOCTORADO,TIEMPO COMPLETO,48,EXCEPCIONALIDADES CARGA DE HORAS PARA DOCENCIA PERSONAL ACADÉMICO OCASIONAL - TIEMPO COMPLETO,PERIODO B,ELECTIVA II: HERRAMIENTAS PROFESIONALIZANTES,DEPARTAMENTO TRANSVERSAL,,72,288,OTRAS ACTIVIDADES DOCENCIA,0,432,100,,,,0,,,,384,,,,960,1920,0,NO,NO
,Docente Anónimo 9,2025 - 2026,DEPARTAMENTO TRANSVERSAL DE TEORÍAS CRÍTICAS Y PRÁCTICAS EXPERIMENTALES,DEPARTAMENTO TRANSVERSAL,DOCENTE OCASIONAL CON TÍTULO DE DOCTORADO,TIEMPO COMPLETO,48,EXCEPCIONALIDADES CARGA DE HORAS PARA DOCENCIA PERSONAL ACADÉMICO OCASIONAL - TIEMPO COMPLETO,PERIODO A,ELECTIVA II: HERRAMIENTAS PROFESIONALIZANTES,DEPARTAMENTO TRANSVERSAL,,72,288,TUTORÍA ACADÉMICA,36,432,100,,,,0,,,,384,,,,960,1920,0,NO,NO
,Docente Anónimo 9,2025 - 2026,DEPARTAMENTO TRANSVERSAL DE TEORÍAS CRÍTICAS Y PRÁCTICAS EXPERIMENTALES,DEPARTAMENTO TRANSVERSAL,DOCENTE OCASIONAL CON TÍTULO DE DOCTORADO,TIEMPO COMPLETO,48,EXCEPCIONALIDADES CARGA DE HORAS PARA DOCENCIA PERSONAL ACADÉMICO OCASIONAL - TIEMPO COMPLETO,PERIODO A,ELECTIVA II: HERRAMIENTAS PROFESIONALIZANTES,DEPARTAMENTO TRANSVERSAL,,72,288,TUTORÍA ACADÉMICA,36,432,100,,,,0,,,,384,,,,960,1920,0,NO,NO
,Docente Anónimo 9,2025 - 2026,DEPARTAMENTO TRANSVERSAL DE TEORÍAS CRÍTICAS Y PRÁCTICAS EXPERIMENTALES,DEPARTAMENTO TRANSVERSAL,DOCENTE OCASIONAL CON TÍTULO DE DOCTORADO,TIEMPO COMPLETO,48,,,,,,,,HORAS CLASE,144,432,100,,,,0,,,,384,,,,960,1920,0,NO,NO
,Docente Anónimo 9,2025 - 2026,DEPARTAMENTO TRANSVERSAL DE TEORÍAS CRÍTICAS Y PRÁCTICAS EXPERIMENTALES,DEPARTAMENTO TRANSVERSAL,DOCENTE OCASIONAL CON TÍTULO DE DOCTORADO,TIEMPO COMPLETO,48,,,,,,,,PLANIFICACIÓN DE CLASES,108,432,100,,,,0,,,,384,,,,960,1920,0,NO,NO
,Docente Anónimo 9,2025 - 2026,DEPARTAMENTO TRANSVERSAL DE TEORÍAS CRÍTICAS Y PRÁCTICAS EXPERIMENTALES,DEPARTAMENTO TRANSVERSAL,DOCENTE OCASIONAL CON TÍTULO DE DOCTORADO,TIEMPO COMPLETO,48,,,,,,,,PLANIFICACIÓN DE CLASES,108,432,100,,,,0,,,,384,,,,960,1920,0,NO,NO
10,Docente Anónimo 10,2025 - 2026,DEPARTAMENTO TRANSVERSAL DE TEORÍAS CRÍTICAS Y PRÁCTICAS EXPERIMENTALES,DEPARTAMENTO TRANSVERSAL,AGREGADO 2,TIEMPO COMPLETO,48,RANGO DE DOCENCIA PARA AUTORIDADES ACADÉMICAS - TIEMPO COMPLETO,PERIODO A,LABORATORIO EN LA COMUNIDAD,DEPARTAMENTO TRANSVERSAL,,72,72,OTRAS ACTIVIDADES DOCENCIA,0,72,100,"PARTICIPACIÓN EN PROGRAMAS, PROYECTOS Y/O ACTIVIDADES DE VINCULACIÓN CON LA SOCIEDAD - TIEMPO COMPLETO",RAYECTORIAS DE VIDA. PUESTA EN VALOR DE LAS HISTORIAS DE VIDA Y ORGANIZACIÓN DE LAS MUJERES EN GUAYAQUIL. - VS-PR-2024-1-T; LA ESNAQUI: ESPACIOS CULTURALES DE PAZ Y CONVIVENCIA - VS-PR-2024-2-T Memorando Nro. UA-VA-DTTCPE-2025-0098-M,144,144,"EJECUTAR PROCESOS DE INVESTIGACIÓN CIENTÍFICA O ARTÍSTICA CON EL FIN DE GENERAR PRODUCTOS ACREDITABLES A LA UARTES.
DIRIGIR PROCESOS CURATORIALES. 
* TODAS ESTAS ACTIVIDADES DEBERÁN TOMAR EN CUENTA ELEMENTOS DE PRESENTACIÓN Y DIFUSIÓN DE RESULTADOS DE LA INVESTIGACIÓN.","ECONOMÍA, ARTE Y TECNOLOGÍA: EL ORO Y LA DATA COMO INSTRUMENTOS SIMBÓLICOS DE PODER. VPIA-2025-10-PI",288,288,DIRECTOR/A DE DEPARTAMENTO TRANSVERSAL DE TEORÍAS CRÍTICAS Y PRÁCTICAS EXPERIMENTALES EN ARTES,Resolución Nro. UA-R-2024-007 ,1344,1344,1920,0,NO,NO
,Docente Anónimo 10,2025 - 2026,DEPARTAMENTO TRANSVERSAL DE TEORÍAS CRÍTICAS Y PRÁCTICAS EXPERIMENTALES,DEPARTAMENTO TRANSVERSAL,AGREGADO 2,TIEMPO COMPLETO,48,,,,,,,,TUTORÍA ACADÉMICA,18,72,100,,,,144,,,,288,,,,1344,1920,0,NO,NO
,Docente Anónimo 10,2025 - 2026,DEPARTAMENTO TRANSVERSAL DE TEORÍAS CRÍTICAS Y PRÁCTICAS EXPERIMENTALES,DEPARTAMENTO TRANSVERSAL,AGREGADO 2,TIEMPO COMPLETO,48,,,,,,,,PLANIFICACIÓN DE CLASES,54,72,100,,,,144,,,,288,,,,1344,1920,0,NO,NO
11,Docente Anónimo 11,2025 - 2026,DEPARTAMENTO TRANSVERSAL DE TEORÍAS CRÍTICAS Y PRÁCTICAS EXPERIMENTALES,DEPARTAMENTO TRANSVERSAL,DOCENTE OCASIONAL CON TÍTULO DE DOCTORADO,TIEMPO COMPLETO,48,RANGO DOCENCIA OCASIONAL/HONORARIO/EMÉRITO POR SEMANA - TIEMPO COMPLETO,PERIODO B,HISTORIA Y TEORÍAS DE LAS ARTES II,DEPARTAMENTO TRANSVERSAL,,72,720,OTRAS ACTIVIDADES DOCENCIA,0,1080,100,,,,0,"EJECUTAR PROCESOS DE INVESTIGACIÓN CIENTÍFICA O ARTÍSTICA CON EL FIN DE GENERAR PRODUCTOS ACREDITABLES A LA UARTES.
DIRIGIR PROCESOS CURATORIALES. 
* TODAS ESTAS ACTIVIDADES DEBERÁN TOMAR EN CUENTA ELEMENTOS DE PRESENTACIÓN Y DIFUSIÓN DE RESULTADOS DE LA INVESTIGACIÓN.",DE MUSICOLOGIA Y PRODUCCIÓN MUSICAL VPIA-2025-08-PI,432,432,INTEGRANTES PRINCIPALES DE LOS CONSEJOS DE ESCUELA - OCASIONAL,Principal Artes Sonoras UA-VA-DTTCPE-2023-0074-M,48,48,1920,0,NO,NO
,Docente Anónimo 11,2025 - 2026,DEPARTAMENTO TRANSVERSAL DE TEORÍAS CRÍTICAS Y PRÁCTICAS EXPERIMENTALES,DEPARTAMENTO TRANSVERSAL,DOCENTE OCASIONAL CON TÍTULO DE DOCTORADO,TIEMPO COMPLETO,48,RANGO DOCENCIA OCASIONAL/HONORARIO/EMÉRITO POR SEMANA - TIEMPO COMPLETO,PERIODO B,HISTORIA Y TEORÍAS DE LAS ARTES II,DEPARTAMENTO TRANSVERSAL,,72,720,OTRAS ACTIVIDADES DOCENCIA,0,1080,100,,,,0,,,,432,,,,48,1920,0,NO,NO
,Docente Anónimo 11,2025 - 2026,DEPARTAMENTO TRANSVERSAL DE TEORÍAS CRÍTICAS Y PRÁCTICAS EXPERIMENTALES,DEPARTAMENTO TRANSVERSAL,DOCENTE OCASIONAL CON TÍTULO DE DOCTORADO,TIEMPO COMPLETO,48,RANGO DOCENCIA OCASIONAL/HONORARIO/EMÉRITO POR SEMANA - TIEMPO COMPLETO,PERIODO B,HISTORIA Y TEORÍAS DE LAS ARTES II,DEPARTAMENTO TRANSVERSAL,,72,720,TUTORÍA ACADÉMICA,90,1080,100,,,,0,,,,432,,,,48,1920,0,NO,NO
,Docente Anónimo 11,2025 - 2026,DEPARTAMENTO TRANSVERSAL DE TEORÍAS CRÍTICAS Y PRÁCTICAS EXPERIMENTALES,DEPARTAMENTO TRANSVERSAL,DOCENTE OCASIONAL CON TÍTULO DE DOCTORADO,TIEMPO COMPLETO,48,RANGO DOCENCIA OCASIONAL/HONORARIO/EMÉRITO POR SEMANA - TIEMPO COMPLETO,PERIODO B,HISTORIA Y TEORÍAS DE LAS ARTES II,DEPARTAMENTO TRANSVERSAL,,72,720,TUTORÍA ACADÉMICA,90,1080,100,,,,0,,,,432,,,,48,1920,0,NO,NO
,Docente Anónimo 11,2025 - 2026,DEPARTAMENTO TRANSVERSAL DE TEORÍAS CRÍTICAS Y PRÁCTICAS EXPERIMENTALES,DEPARTAMENTO TRANSVERSAL,DOCENTE OCASIONAL CON TÍTULO DE DOCTORADO,TIEMPO COMPLETO,48,RANGO DOCENCIA OCASIONAL/HONORARIO/EMÉRITO POR SEMANA - TIEMPO COMPLETO,PERIODO B,ESTÉTICA Y FILOSOFÍA DE LAS ARTES,DEPARTAMENTO TRANSVERSAL,,72,720,HORAS CLASE,360,1080,100,,,,0,,,,432,,,,48,1920,0,NO,NO
,Docente Anónimo 11,2025 - 2026,DEPARTAMENTO TRANSVERSAL DE TEORÍAS CRÍTICAS Y PRÁCTICAS EXPERIMENTALES,DEPARTAMENTO TRANSVERSAL,DOCENTE OCASIONAL CON TÍTULO DE DOCTORADO,TIEMPO COMPLETO,48,RANGO DOCENCIA OCASIONAL/HONORARIO/EMÉRITO POR SEMANA - TIEMPO COMPLETO,PERIODO A,HISTORIA Y TEORÍAS DE LAS ARTES II,DEPARTAMENTO TRANSVERSAL,,72,720,PLANIFICACIÓN DE CLASES,270,1080,100,,,,0,,,,432,,,,48,1920,0,NO,NO
,Docente Anónimo 11,2025 - 2026,DEPARTAMENTO TRANSVERSAL DE TEORÍAS CRÍTICAS Y PRÁCTICAS EXPERIMENTALES,DEPARTAMENTO TRANSVERSAL,DOCENTE OCASIONAL CON TÍTULO DE DOCTORADO,TIEMPO COMPLETO,48,RANGO DOCENCIA OCASIONAL/HONORARIO/EMÉRITO POR SEMANA - TIEMPO COMPLETO,PERIODO A,HISTORIA Y TEORÍAS DE LAS ARTES II,DEPARTAMENTO TRANSVERSAL,,72,720,PLANIFICACIÓN DE CLASES,270,1080,100,,,,0,,,,432,,,,48,1920,0,NO,NO
,Docente Anónimo 11,2025 - 2026,DEPARTAMENTO TRANSVERSAL DE TEORÍAS CRÍTICAS Y PRÁCTICAS EXPERIMENTALES,DEPARTAMENTO TRANSVERSAL,DOCENTE OCASIONAL CON TÍTULO DE DOCTORADO,TIEMPO COMPLETO,48,RANGO DOCENCIA OCASIONAL/HONORARIO/EMÉRITO POR SEMANA - TIEMPO COMPLETO,PERIODO A,HISTORIA Y TEORÍAS DE LAS ARTES II,DEPARTAMENTO TRANSVERSAL,,72,720,,,1080,,,,,0,,,,432,,,,48,1920,0,NO,NO
,Docente Anónimo 11,2025 - 2026,DEPARTAMENTO TRANSVERSAL DE TEORÍAS CRÍTICAS Y PRÁCTICAS EXPERIMENTALES,DEPARTAMENTO TRANSVERSAL,DOCENTE OCASIONAL CON TÍTULO DE DOCTORADO,TIEMPO COMPLETO,48,RANGO DOCENCIA OCASIONAL/HONORARIO/EMÉRITO POR SEMANA - TIEMPO COMPLETO,PERIODO A,HISTORIA Y TEORÍAS DE LAS ARTES II,DEPARTAMENTO TRANSVERSAL,,72,720,,,1080,,,,,0,,,,432,,,,48,1920,0,NO,NO
,Docente Anónimo 11,2025 - 2026,DEPARTAMENTO TRANSVERSAL DE TEORÍAS CRÍTICAS Y PRÁCTICAS EXPERIMENTALES,DEPARTAMENTO TRANSVERSAL,DOCENTE OCASIONAL CON TÍTULO DE DOCTORADO,TIEMPO COMPLETO,48,RANGO DOCENCIA OCASIONAL/HONORARIO/EMÉRITO POR SEMANA - TIEMPO COMPLETO,PERIODO A,ESTÉTICA Y FILOSOFÍA DE LAS ARTES,DEPARTAMENTO TRANSVERSAL,,72,720,,,1080,,,,,0,,,,432,,,,48,1920,0,NO,NO
12,Docente Anónimo 12,2025 - 2026,DEPARTAMENTO TRANSVERSAL DE TEORÍAS CRÍTICAS Y PRÁCTICAS EXPERIMENTALES,DEPARTAMENTO TRANSVERSAL,PERSONAL DE APOYO 1,TIEMPO COMPLETO,48,,,,,,,,APOYA A DOCENTES EN EL MANEJO Y USO DE EQUIPOS Y ESPACIOS ESPECIALIZADOS CON FINES DE DOCENCIA - TÉCNICO DE LABORATORIO,744,1488,,"ORGANIZACIÓN DE ACTIVIDADES DE DIVULGACIÓN, DEMOCRATIZACIÓN Y DISTRIBUCIÓN DEL SABER, CIRCULACIÓN DE CONTENIDOS ARTÍSTICOS Y FORMACIÓN DE PÚBLICOS RELACIONADAS A ADMISIONES, EDITORIAL Y/O RADIO UA ENMARCADAS EN UNA PLANIFICACIÓN INSTITUCIONAL.",TRAYECTORIAS DE VIDA. PUESTA EN VALOR DE LAS HISTORIAS DE VIDA Y ORGANIZACIÓN DE LAS MUJERES EN GUAYAQUIL. - VS-PR-2024-1-T; LA ESNAQUI: ESPACIOS CULTURALES DE PAZ Y CONVIVENCIA - VS-PR-2024-2-T  Memorando Nro. UA-VA-DTTCPE-2025-0098-M,144,144,"ACOMPAÑAR A ESTUDIANTES Y DOCENTES EN PROCESOS LLEVADOS A CABO EN LABORATORIOS O CON USO DE EQUIPOS ESPECIALIZADOS, DENTRO DE ACTIVIDADES DISEÑADAS EN PROYECTOS DE INVESTIGACIÓN - TÉCNICO DE LABORATORIO","ECONOMÍA, ARTE Y TECNOLOGÍA: EL ORO Y LA DATA COMO INSTRUMENTOS SIMBÓLICOS DE PODER. VPIA-2025-10-PI",288,288,,,,0,1920,0,NO,NO
,Docente Anónimo 12,2025 - 2026,DEPARTAMENTO TRANSVERSAL DE TEORÍAS CRÍTICAS Y PRÁCTICAS EXPERIMENTALES,DEPARTAMENTO TRANSVERSAL,PERSONAL DE APOYO 1,TIEMPO COMPLETO,48,,,,,,,,APOYA A DOCENTES EN EL MANEJO Y USO DE EQUIPOS Y ESPACIOS ESPECIALIZADOS CON FINES DE DOCENCIA - TÉCNICO DE LABORATORIO,744,1488,,,,,144,,,,288,,,,0,1920,0,NO,NO
13,Docente Anónimo 13,2025 - 2026,DEPARTAMENTO TRANSVERSAL DE TEORÍAS CRÍTICAS Y PRÁCTICAS EXPERIMENTALES,DEPARTAMENTO TRANSVERSAL,DOCENTE OCASIONAL CON TÍTULO DE MAESTRÍA,TIEMPO COMPLETO,48,RANGO DOCENCIA OCASIONAL/HONORARIO/EMÉRITO POR SEMANA - TIEMPO COMPLETO,PERIODO B,ESTÉTICA Y FILOSOFÍA DE LAS ARTES,DEPARTAMENTO TRANSVERSAL,,72,792,OTRAS ACTIVIDADES DOCENCIA,0,1152,100,"ORGANIZACIÓN DE ACTIVIDADES DE DIVULGACIÓN, DEMOCRATIZACIÓN Y DISTRIBUCIÓN DEL SABER, CIRCULACIÓN DE CONTENIDOS ARTÍSTICOS Y FORMACIÓN DE PÚBLICOS RELACIONADAS A ADMISIONES, EDITORIAL Y/O RADIO UA ENMARCADAS EN UNA PLANIFICACIÓN INSTITUCIONAL.",evaluación de proyectos de vinculación con la sociedad. memorando UA-VA-DTTCPE-2025-0089-M,144,144,,,,0,INTEGRANTES SUPLENTES DE LOS CONSEJOS DE ESCUELA - OCASIONAL,CDE Cine UA-VA-DTTCPE-2023-0074-M,48,192,1920,0,NO,NO
,Docente Anónimo 13,2025 - 2026,DEPARTAMENTO TRANSVERSAL DE TEORÍAS CRÍTICAS Y PRÁCTICAS EXPERIMENTALES,DEPARTAMENTO TRANSVERSAL,DOCENTE OCASIONAL CON TÍTULO DE MAESTRÍA,TIEMPO COMPLETO,48,RANGO DOCENCIA OCASIONAL/HONORARIO/EMÉRITO POR SEMANA - TIEMPO COMPLETO,PERIODO B,ESTÉTICA Y FILOSOFÍA DE LAS ARTES,DEPARTAMENTO TRANSVERSAL,,72,792,OTRAS ACTIVIDADES DOCENCIA,0,1152,100,,,,144,,,,0,RESPONSABLE DE VINCULACIÓN POR ESCUELA O DEPARTAMENTO - OCASIONAL,Memorando Nro. UA-VA-DTTCPE-2025-0067-M,144,192,1920,0,NO,NO
,Docente Anónimo 13,2025 - 2026,DEPARTAMENTO TRANSVERSAL DE TEORÍAS CRÍTICAS Y PRÁCTICAS EXPERIMENTALES,DEPARTAMENTO TRANSVERSAL,DOCENTE OCASIONAL CON TÍTULO DE MAESTRÍA,TIEMPO COMPLETO,48,RANGO DOCENCIA OCASIONAL/HONORARIO/EMÉRITO POR SEMANA - TIEMPO COMPLETO,PERIODO B,ESTÉTICA Y FILOSOFÍA DE LAS ARTES,DEPARTAMENTO TRANSVERSAL,,72,792,TUTORÍA ACADÉMICA,108,1152,100,,,,144,,,,0,,,,192,1920,0,NO,NO
,Docente Anónimo 13,2025 - 2026,DEPARTAMENTO TRANSVERSAL DE TEORÍAS CRÍTICAS Y PRÁCTICAS EXPERIMENTALES,DEPARTAMENTO TRANSVERSAL,DOCENTE OCASIONAL CON TÍTULO DE MAESTRÍA,TIEMPO COMPLETO,48,RANGO DOCENCIA OCASIONAL/HONORARIO/EMÉRITO POR SEMANA - TIEMPO COMPLETO,PERIODO B,ESTÉTICA Y FILOSOFÍA DE LAS ARTES,DEPARTAMENTO TRANSVERSAL,,72,792,TUTORÍA ACADÉMICA,90,1152,100,,,,144,,,,0,,,,192,1920,0,NO,NO
,Docente Anónimo 13,2025 - 2026,DEPARTAMENTO TRANSVERSAL DE TEORÍAS CRÍTICAS Y PRÁCTICAS EXPERIMENTALES,DEPARTAMENTO TRANSVERSAL,DOCENTE OCASIONAL CON TÍTULO DE MAESTRÍA,TIEMPO COMPLETO,48,RANGO DOCENCIA OCASIONAL/HONORARIO/EMÉRITO POR SEMANA - TIEMPO COMPLETO,PERIODO B,OPTATIVA INTERDISCIPLINARIA III,LICENCIATURA EN CINE,,72,792,HORAS CLASE,360,1152,100,,,,144,,,,0,,,,192,1920,0,NO,NO
,Docente Anónimo 13,2025 - 2026,DEPARTAMENTO TRANSVERSAL DE TEORÍAS CRÍTICAS Y PRÁCTICAS EXPERIMENTALES,DEPARTAMENTO TRANSVERSAL,DOCENTE OCASIONAL CON TÍTULO DE MAESTRÍA,TIEMPO COMPLETO,48,RANGO DOCENCIA OCASIONAL/HONORARIO/EMÉRITO POR SEMANA - TIEMPO COMPLETO,PERIODO A,ESTÉTICA Y FILOSOFÍA DE LAS ARTES,DEPARTAMENTO TRANSVERSAL,,72,792,PLANIFICACIÓN DE CLASES,270,1152,100,,,,144,,,,0,,,,192,1920,0,NO,NO
,Docente Anónimo 13,2025 - 2026,DEPARTAMENTO TRANSVERSAL DE TEORÍAS CRÍTICAS Y PRÁCTICAS EXPERIMENTALES,DEPARTAMENTO TRANSVERSAL,DOCENTE OCASIONAL CON TÍTULO DE MAESTRÍA,TIEMPO COMPLETO,48,RANGO DOCENCIA OCASIONAL/HONORARIO/EMÉRITO POR SEMANA - TIEMPO COMPLETO,PERIODO A,ESTÉTICA Y FILOSOFÍA DE LAS ARTES,DEPARTAMENTO TRANSVERSAL,,72,792,PLANIFICACIÓN DE CLASES,324,1152,100,,,,144,,,,0,,,,192,1920,0,NO,NO
,Docente Anónimo 13,2025 - 2026,DEPARTAMENTO TRANSVERSAL DE TEORÍAS CRÍTICAS Y PRÁCTICAS EXPERIMENTALES,DEPARTAMENTO TRANSVERSAL,DOCENTE OCASIONAL CON TÍTULO DE MAESTRÍA,TIEMPO COMPLETO,48,RANGO DOCENCIA OCASIONAL/HONORARIO/EMÉRITO POR SEMANA - TIEMPO COMPLETO,PERIODO A,ESTÉTICA Y FILOSOFÍA DE LAS ARTES,DEPARTAMENTO TRANSVERSAL,,72,792,,,1152,,,,,144,,,,0,,,,192,1920,0,NO,NO
,Docente Anónimo 13,2025 - 2026,DEPARTAMENTO TRANSVERSAL DE TEORÍAS CRÍTICAS Y PRÁCTICAS EXPERIMENTALES,DEPARTAMENTO TRANSVERSAL,DOCENTE OCASIONAL CON TÍTULO DE MAESTRÍA,TIEMPO COMPLETO,48,RANGO DOCENCIA OCASIONAL/HONORARIO/EMÉRITO POR SEMANA - TIEMPO COMPLETO,PERIODO A,ESTÉTICA Y FILOSOFÍA DE LAS ARTES,DEPARTAMENTO TRANSVERSAL,,72,792,,,1152,,,,,144,,,,0,,,,192,1920,0,NO,NO
,Docente Anónimo 13,2025 - 2026,DEPARTAMENTO TRANSVERSAL DE TEORÍAS CRÍTICAS Y PRÁCTICAS EXPERIMENTALES,DEPARTAMENTO TRANSVERSAL,DOCENTE OCASIONAL CON TÍTULO DE MAESTRÍA,TIEMPO COMPLETO,48,RANGO DOCENCIA OCASIONAL/HONORARIO/EMÉRITO POR SEMANA - TIEMPO COMPLETO,PERIODO A,TALLER DE DESARROLLO DE PROYECTO DE TITULACIÓN,LICENCIATURA EN CINE,,72,792,,,1152,,,,,144,,,,0,,,,192,1920,0,NO,NO
,Docente Anónimo 13,2025 - 2026,DEPARTAMENTO TRANSVERSAL DE TEORÍAS CRÍTICAS Y PRÁCTICAS EXPERIMENTALES,DEPARTAMENTO TRANSVERSAL,DOCENTE OCASIONAL CON TÍTULO DE MAESTRÍA,TIEMPO COMPLETO,48,RANGO DOCENCIA OCASIONAL/HONORARIO/EMÉRITO POR SEMANA - TIEMPO COMPLETO,PERIODO A,OPTATIVA INTERDISCIPLINARIA III,LICENCIATURA EN CINE,,72,792,,,1152,,,,,144,,,,0,,,,192,1920,0,NO,NO
,Docente Anónimo 13,2025 - 2026,DEPARTAMENTO TRANSVERSAL DE TEORÍAS CRÍTICAS Y PRÁCTICAS EXPERIMENTALES,DEPARTAMENTO TRANSVERSAL,DOCENTE OCASIONAL CON TÍTULO DE MAESTRÍA,TIEMPO COMPLETO,48,RANGO DOCENCIA OCASIONAL/HONORARIO/EMÉRITO POR SEMANA - TIEMPO COMPLETO,PERIODO A,PROYECTO DE TITULACIÓN,LICENCIATURA EN CINE,,0,792,,,1152,,,,,144,,,,0,,,,192,1920,0,NO,NO
14,Docente Anónimo 14,2025 - 2026,DEPARTAMENTO TRANSVERSAL DE TEORÍAS CRÍTICAS Y PRÁCTICAS EXPERIMENTALES,DEPARTAMENTO TRANSVERSAL,DOCENTE OCASIONAL CON TÍTULO DE DOCTORADO,TIEMPO COMPLETO,21,RANGO DOCENCIA OCASIONAL/HONORARIO/EMÉRITO POR SEMANA - TIEMPO COMPLETO,PERIODO A,ELECTIVA I: PROBLEMAS CONTEMPORÁNEOS DE LAS ARTES,DEPARTAMENTO TRANSVERSAL,,72,288,OTRAS ACTIVIDADES DOCENCIA,0,216,75,,,,0,"EJECUTAR PROCESOS DE INVESTIGACIÓN CIENTÍFICA O ARTÍSTICA CON EL FIN DE GENERAR PRODUCTOS ACREDITABLES A LA UARTES.
DIRIGIR PROCESOS CURATORIALES. 
* TODAS ESTAS ACTIVIDADES DEBERÁN TOMAR EN CUENTA ELEMENTOS DE PRESENTACIÓN Y DIFUSIÓN DE RESULTADOS DE LA INVESTIGACIÓN.",S.E.R. SOÑANDO EN RED (DREAM WE MUST!) VPIA-2025-25-PI,288,288,INTEGRANTES PRINCIPALES DE LOS CONSEJOS DE ESCUELA - OCASIONAL,Representante principal CDE Cine UA-VA-DTTCPE-2023-0074-M,48,48,840,0,NO,NO
,Docente Anónimo 14,2025 - 2026,DEPARTAMENTO TRANSVERSAL DE TEORÍAS CRÍTICAS Y PRÁCTICAS EXPERIMENTALES,DEPARTAMENTO TRANSVERSAL,DOCENTE OCASIONAL CON TÍTULO DE DOCTORADO,TIEMPO COMPLETO,21,RANGO DOCENCIA OCASIONAL/HONORARIO/EMÉRITO POR SEMANA - TIEMPO COMPLETO,PERIODO A,ELECTIVA I: PROBLEMAS CONTEMPORÁNEOS DE LAS ARTES,DEPARTAMENTO TRANSVERSAL,,72,288,TUTORÍA ACADÉMICA,72,216,75,,,,0,,,,288,,,,48,840,0,NO,NO
,Docente Anónimo 14,2025 - 2026,DEPARTAMENTO TRANSVERSAL DE TEORÍAS CRÍTICAS Y PRÁCTICAS EXPERIMENTALES,DEPARTAMENTO TRANSVERSAL,DOCENTE OCASIONAL CON TÍTULO DE DOCTORADO,TIEMPO COMPLETO,21,RANGO DOCENCIA OCASIONAL/HONORARIO/EMÉRITO POR SEMANA - TIEMPO COMPLETO,PERIODO A,LABORATORIO INTERDISCIPLINARIO,DEPARTAMENTO TRANSVERSAL,,72,288,PLANIFICACIÓN DE CLASES,144,216,75,,,,0,,,,288,,,,48,840,0,NO,NO
,Docente Anónimo 14,2025 - 2026,DEPARTAMENTO TRANSVERSAL DE TEORÍAS CRÍTICAS Y PRÁCTICAS EXPERIMENTALES,DEPARTAMENTO TRANSVERSAL,DOCENTE OCASIONAL CON TÍTULO DE DOCTORADO,TIEMPO COMPLETO,21,RANGO DOCENCIA OCASIONAL/HONORARIO/EMÉRITO POR SEMANA - TIEMPO COMPLETO,PERIODO A,LABORATORIO INTERDISCIPLINARIO,DEPARTAMENTO TRANSVERSAL,,72,288,,,216,,,,,0,,,,288,,,,48,840,0,NO,NO
15,Docente Anónimo 15,2025 - 2026,DEPARTAMENTO TRANSVERSAL DE TEORÍAS CRÍTICAS Y PRÁCTICAS EXPERIMENTALES,DEPARTAMENTO TRANSVERSAL,,TIEMPO COMPLETO,48,,,,,,,,,,0,,,,,0,"EJECUTAR PROCESOS DE INVESTIGACIÓN CIENTÍFICA O ARTÍSTICA CON EL FIN DE GENERAR PRODUCTOS ACREDITABLES A LA UARTES.  DIRIGIR/COORDINAR LA PUBLICACIÓN DE REVISTAS CIENTÍFICAS INDEXADAS O EN PROCESO. DIRIGIR/COORDINAR PUBLICACIONES O COLECCIONES EDITORIALES COMO EDITOR PRINCIPAL.
DIRIGIR PROCESOS CURATORIALES. 
* TODAS ESTAS ACTIVIDADES DEBERÁN TOMAR EN CUENTA ELEMENTOS DE PRESENTACIÓN Y DIFUSIÓN DE RESULTADOS DE LA INVESTIGACIÓN.","ARTES, CULTURA Y POLÍTICA EN AMÉRICA LATINA: INSTITUCIONALIDAD, ACTORES Y MODOS DE PRODUCCIÓN. VPIA-2025-02-PI",144,144,RECTOR/A,Resolución No. TE- TELETRABAJO-2020-023,1776,1776,1920,0,NO,NO
16,Docente Anónimo 16,2025 - 2026,DEPARTAMENTO TRANSVERSAL DE TEORÍAS CRÍTICAS Y PRÁCTICAS EXPERIMENTALES,DEPARTAMENTO TRANSVERSAL,,TIEMPO COMPLETO,48,,,,,,,,,,0,,,,,0,,,,0,VICERRECTOR/A ACADÉMICO/A,Resolución No. TE- TELETRABAJO-2020-023,1920,1920,1920,0,NO,NO
17,Docente Anónimo 17,2025 - 2026,DEPARTAMENTO TRANSVERSAL DE TEORÍAS CRÍTICAS Y PRÁCTICAS EXPERIMENTALES,DEPARTAMENTO TRANSVERSAL,DOCENTE OCASIONAL CON TÍTULO DE MAESTRÍA,TIEMPO COMPLETO,48,EXCEPCIONALIDADES CARGA DE HORAS PARA DOCENCIA PERSONAL ACADÉMICO OCASIONAL - TIEMPO COMPLETO,PERIODO B,LABORATORIO DE ARTE Y TECNOLOGÍA,DEPARTAMENTO TRANSVERSAL,,72,288,OTRAS ACTIVIDADES DOCENCIA,0,432,100,,,,0,"EJECUTAR PROCESOS DE INVESTIGACIÓN CIENTÍFICA O ARTÍSTICA CON EL FIN DE GENERAR PRODUCTOS ACREDITABLES A LA UARTES.
DIRIGIR PROCESOS CURATORIALES. 
* TODAS ESTAS ACTIVIDADES DEBERÁN TOMAR EN CUENTA ELEMENTOS DE PRESENTACIÓN Y DIFUSIÓN DE RESULTADOS DE LA INVESTIGACIÓN.",REALIDADES EXPANDIDAS: NUEVAS DIMENSIONES DEL ARTE Y LA TECNOLOGÍA. VPIA-2025-24-PI,384,384,SECRETARIO/A ASEGURAMIENTO DE LA CALIDAD EN LA EDUCACIÓN,Secretario de Aseguramiento de la Calidad RESOLUCIÓN No. UA-R-2024-048,960,960,1920,0,NO,NO
,Docente Anónimo 17,2025 - 2026,DEPARTAMENTO TRANSVERSAL DE TEORÍAS CRÍTICAS Y PRÁCTICAS EXPERIMENTALES,DEPARTAMENTO TRANSVERSAL,DOCENTE OCASIONAL CON TÍTULO DE MAESTRÍA,TIEMPO COMPLETO,48,EXCEPCIONALIDADES CARGA DE HORAS PARA DOCENCIA PERSONAL ACADÉMICO OCASIONAL - TIEMPO COMPLETO,PERIODO B,LABORATORIO DE ARTE Y TECNOLOGÍA,DEPARTAMENTO TRANSVERSAL,,72,288,OTRAS ACTIVIDADES DOCENCIA,0,432,100,,,,0,,,,384,,,,960,1920,0,NO,NO
,Docente Anónimo 17,2025 - 2026,DEPARTAMENTO TRANSVERSAL DE TEORÍAS CRÍTICAS Y PRÁCTICAS EXPERIMENTALES,DEPARTAMENTO TRANSVERSAL,DOCENTE OCASIONAL CON TÍTULO DE MAESTRÍA,TIEMPO COMPLETO,48,EXCEPCIONALIDADES CARGA DE HORAS PARA DOCENCIA PERSONAL ACADÉMICO OCASIONAL - TIEMPO COMPLETO,PERIODO A,LABORATORIO DE ARTE Y TECNOLOGÍA,DEPARTAMENTO TRANSVERSAL,,72,288,TUTORÍA ACADÉMICA,36,432,100,,,,0,,,,384,,,,960,1920,0,NO,NO
,Docente Anónimo 17,2025 - 2026,DEPARTAMENTO TRANSVERSAL DE TEORÍAS CRÍTICAS Y PRÁCTICAS EXPERIMENTALES,DEPARTAMENTO TRANSVERSAL,DOCENTE OCASIONAL CON TÍTULO DE MAESTRÍA,TIEMPO COMPLETO,48,EXCEPCIONALIDADES CARGA DE HORAS PARA DOCENCIA PERSONAL ACADÉMICO OCASIONAL - TIEMPO COMPLETO,PERIODO A,LABORATORIO DE ARTE Y TECNOLOGÍA,DEPARTAMENTO TRANSVERSAL,,72,288,TUTORÍA ACADÉMICA,36,432,100,,,,0,,,,384,,,,960,1920,0,NO,NO
,Docente Anónimo 17,2025 - 2026,DEPARTAMENTO TRANSVERSAL DE TEORÍAS CRÍTICAS Y PRÁCTICAS EXPERIMENTALES,DEPARTAMENTO TRANSVERSAL,DOCENTE OCASIONAL CON TÍTULO DE MAESTRÍA,TIEMPO COMPLETO,48,,,,,,,,HORAS CLASE,144,432,100,,,,0,,,,384,,,,960,1920,0,NO,NO
,Docente Anónimo 17,2025 - 2026,DEPARTAMENTO TRANSVERSAL DE TEORÍAS CRÍTICAS Y PRÁCTICAS EXPERIMENTALES,DEPARTAMENTO TRANSVERSAL,DOCENTE OCASIONAL CON TÍTULO DE MAESTRÍA,TIEMPO COMPLETO,48,,,,,,,,PLANIFICACIÓN DE CLASES,108,432,100,,,,0,,,,384,,,,960,1920,0,NO,NO
,Docente Anónimo 17,2025 - 2026,DEPARTAMENTO TRANSVERSAL DE TEORÍAS CRÍTICAS Y PRÁCTICAS EXPERIMENTALES,DEPARTAMENTO TRANSVERSAL,DOCENTE OCASIONAL CON TÍTULO DE MAESTRÍA,TIEMPO COMPLETO,48,,,,,,,,PLANIFICACIÓN DE CLASES,108,432,100,,,,0,,,,384,,,,960,1920,0,NO,NO
18,Docente Anónimo 18,2025 - 2026,DEPARTAMENTO TRANSVERSAL DE TEORÍAS CRÍTICAS Y PRÁCTICAS EXPERIMENTALES,DEPARTAMENTO TRANSVERSAL,AGREGADO 3,TIEMPO COMPLETO,48,,,,,,,,,,0,,,,,0,"EJECUTAR PROCESOS DE INVESTIGACIÓN CIENTÍFICA O ARTÍSTICA CON EL FIN DE GENERAR PRODUCTOS ACREDITABLES A LA UARTES.  DIRIGIR/COORDINAR LA PUBLICACIÓN DE REVISTAS CIENTÍFICAS INDEXADAS O EN PROCESO. DIRIGIR/COORDINAR PUBLICACIONES O COLECCIONES EDITORIALES COMO EDITOR PRINCIPAL.
DIRIGIR PROCESOS CURATORIALES. 
* TODAS ESTAS ACTIVIDADES DEBERÁN TOMAR EN CUENTA ELEMENTOS DE PRESENTACIÓN Y DIFUSIÓN DE RESULTADOS DE LA INVESTIGACIÓN.","ENCUENTRO DE CIUDADES A TRAVÉS DE LAS ARTES - VPIA-2023-07-PI, PRÓRROGA",144,144,VICERRECTOR/A DE POSGRADO E INVESTIGACIÓN EN ARTES,Resolución No. TE- TELETRABAJO-2020-023,1776,1776,1920,0,NO,NO
19,Docente Anónimo 19,2025 - 2026,DEPARTAMENTO TRANSVERSAL DE TEORÍAS CRÍTICAS Y PRÁCTICAS EXPERIMENTALES,DEPARTAMENTO TRANSVERSAL,AGREGADO 2,TIEMPO COMPLETO,48,RANGO DOCENCIA TITULAR POR SEMANA - TIEMPO COMPLETO,PERIODO B,ELECTIVA II: HERRAMIENTAS PROFESIONALIZANTES,DEPARTAMENTO TRANSVERSAL,,72,504,OTRAS ACTIVIDADES DOCENCIA,0,792,100,"PARTICIPACIÓN EN PROGRAMAS, PROYECTOS Y/O ACTIVIDADES DE VINCULACIÓN CON LA SOCIEDAD - TIEMPO COMPLETO",PAZ: PEDAGOGÍAS EN ARTES PARA LA TRANSFORMACIÓN SOCIAL EN SECTORES EN CONDICIÓN DE VULNERABILIDAD - VS-PR-2025-01-EAI,192,192,"EJECUTAR PROCESOS DE INVESTIGACIÓN CIENTÍFICA O ARTÍSTICA CON EL FIN DE GENERAR PRODUCTOS ACREDITABLES A LA UARTES. DIRIGIR PROYECTOS EN COLABORACIÓN EXTERNA, EN REDES O PROGRAMAS DE INVESTIGACIÓN LOCAL, NACIONAL E INTERNACIONAL. *TODAS ESTAS ACTIVIDADES DEBERÁN TOMAR EN CUENTA ELEMENTOS DE PRESENTACIÓN Y DIFUSIÓN DE RESULTADOS DE LA INVESTIGACIÓN.","NARRATIVAS Y PRÁCTICAS CURATORIALES MULTISITUADAS ENTRE LOS ANDES, LA AMAZONÍA Y EL TRÓPICO VPIA-2025-23-PI  ARTE, MUJERES, MEMORIA Y ESPACIO PÚBLICO EN AMÉRICA LATINA  VPIA-2025-01-PI",576,576,"INTEGRANTE DE LOS DIFERENTES COMITÉS, MESAS INSTITUCIONALES, Y DEMÁS NORMADOS EN EL ESTATUTO DE LA UNIVERSIDAD DE LAS ARTES Y REGLAMENTOS CORRESPONDIENTES - NOMBRAMIENTO",Comisión de evaluación de concursos 2025 resolución UA-OCS-RSE-2025-004,144,144,1920,0,NO,NO
,Docente Anónimo 19,2025 - 2026,DEPARTAMENTO TRANSVERSAL DE TEORÍAS CRÍTICAS Y PRÁCTICAS EXPERIMENTALES,DEPARTAMENTO TRANSVERSAL,AGREGADO 2,TIEMPO COMPLETO,48,RANGO DOCENCIA TITULAR POR SEMANA - TIEMPO COMPLETO,PERIODO B,ELECTIVA II: HERRAMIENTAS PROFESIONALIZANTES,DEPARTAMENTO TRANSVERSAL,,72,504,OTRAS ACTIVIDADES DOCENCIA,0,792,100,,,,192,,,,576,,,,144,1920,0,NO,NO
,Docente Anónimo 19,2025 - 2026,DEPARTAMENTO TRANSVERSAL DE TEORÍAS CRÍTICAS Y PRÁCTICAS EXPERIMENTALES,DEPARTAMENTO TRANSVERSAL,AGREGADO 2,TIEMPO COMPLETO,48,RANGO DOCENCIA TITULAR POR SEMANA - TIEMPO COMPLETO,PERIODO B,ELECTIVA II: HERRAMIENTAS PROFESIONALIZANTES,DEPARTAMENTO TRANSVERSAL,,72,504,TUTORÍA ACADÉMICA,54,792,100,,,,192,,,,576,,,,144,1920,0,NO,NO
,Docente Anónimo 19,2025 - 2026,DEPARTAMENTO TRANSVERSAL DE TEORÍAS CRÍTICAS Y PRÁCTICAS EXPERIMENTALES,DEPARTAMENTO TRANSVERSAL,AGREGADO 2,TIEMPO COMPLETO,48,RANGO DOCENCIA TITULAR POR SEMANA - TIEMPO COMPLETO,PERIODO B,ELECTIVAS EAV VI,LICENCIATURA EN ARTES VISUALES,,72,504,TUTORÍA ACADÉMICA,72,792,100,,,,192,,,,576,,,,144,1920,0,NO,NO
,Docente Anónimo 19,2025 - 2026,DEPARTAMENTO TRANSVERSAL DE TEORÍAS CRÍTICAS Y PRÁCTICAS EXPERIMENTALES,DEPARTAMENTO TRANSVERSAL,AGREGADO 2,TIEMPO COMPLETO,48,RANGO DOCENCIA TITULAR POR SEMANA - TIEMPO COMPLETO,PERIODO A,ELECTIVA II: HERRAMIENTAS PROFESIONALIZANTES,DEPARTAMENTO TRANSVERSAL,,72,504,HORAS CLASE,288,792,100,,,,192,,,,576,,,,144,1920,0,NO,NO
,Docente Anónimo 19,2025 - 2026,DEPARTAMENTO TRANSVERSAL DE TEORÍAS CRÍTICAS Y PRÁCTICAS EXPERIMENTALES,DEPARTAMENTO TRANSVERSAL,AGREGADO 2,TIEMPO COMPLETO,48,RANGO DOCENCIA TITULAR POR SEMANA - TIEMPO COMPLETO,PERIODO A,ELECTIVA II: HERRAMIENTAS PROFESIONALIZANTES,DEPARTAMENTO TRANSVERSAL,,72,504,PLANIFICACIÓN DE CLASES,162,792,100,,,,192,,,,576,,,,144,1920,0,NO,NO
,Docente Anónimo 19,2025 - 2026,DEPARTAMENTO TRANSVERSAL DE TEORÍAS CRÍTICAS Y PRÁCTICAS EXPERIMENTALES,DEPARTAMENTO TRANSVERSAL,AGREGADO 2,TIEMPO COMPLETO,48,RANGO DOCENCIA TITULAR POR SEMANA - TIEMPO COMPLETO,PERIODO A,ELECTIVAS EAV VI,LICENCIATURA EN ARTES VISUALES,,72,504,PLANIFICACIÓN DE CLASES,216,792,100,,,,192,,,,576,,,,144,1920,0,NO,NO
20,Docente Anónimo 20,2025 - 2026,DEPARTAMENTO TRANSVERSAL DE TEORÍAS CRÍTICAS Y PRÁCTICAS EXPERIMENTALES,DEPARTAMENTO TRANSVERSAL,AUXILIAR 1,TIEMPO COMPLETO,48,RANGO DOCENCIA TITULAR POR SEMANA - TIEMPO COMPLETO,PERIODO B,MIRADA DE LOS PUEBLOS ORIGINARIOS,LICENCIATURA EN LITERATURA,,72,612,OTRAS ACTIVIDADES DOCENCIA,0,918,100,,,,0,"PARTICIPAR EN PROCESOS O PROYECTOS DE INVESTIGACIÓN FORMATIVA, PEDAGÓGICA O INNOVACIÓN EDUCATIVA.
*PARTICIPAR EN PROCESOS O PROYECTOS DE INVESTIGACIÓN FORMATIVA
*REMITIR REPORTES DE ACTIVIDADES Y RESULTADOS
*PARTICIPAR EN ACTIVIDADES DE SOCIALIZACIÓN DE LOS RESULTADOS",ELABORACIÓN DE PROPUESTAS DE ESPACIOS FORMATIVOS PARA LA IMPLEMENTACIÓN DEL MODELO PEDAGÓGICO Y AJUSTES CURRICULARES. Memorando Nro. UA-VA-DTTCPE-2025-0099-M,144,534,INTEGRANTES DE COMISIONES CREADAS POR RESOLUCIÓN O POR DISPOSICIÓN DE AUTORIDAD COMPETENTE - NOMBRAMIENTO,Comisión de evaluación de concurso UA-RSE-2025-004 ,144,144,1920,0,NO,NO
,Docente Anónimo 20,2025 - 2026,DEPARTAMENTO TRANSVERSAL DE TEORÍAS CRÍTICAS Y PRÁCTICAS EXPERIMENTALES,DEPARTAMENTO TRANSVERSAL,AUXILIAR 1,TIEMPO COMPLETO,48,RANGO DOCENCIA TITULAR POR SEMANA - TIEMPO COMPLETO,PERIODO B,TALLER DE ESCRITURA ACADÉMICA,DEPARTAMENTO TRANSVERSAL,,72,612,OTRAS ACTIVIDADES DOCENCIA,0,918,100,,,,0,"EJECUTAR PROCESOS DE INVESTIGACIÓN CIENTÍFICA O ARTÍSTICA CON EL FIN DE GENERAR PRODUCTOS ACREDITABLES A LA UARTES.
DIRIGIR PROCESOS CURATORIALES. 
* TODAS ESTAS ACTIVIDADES DEBERÁN TOMAR EN CUENTA ELEMENTOS DE PRESENTACIÓN Y DIFUSIÓN DE RESULTADOS DE LA INVESTIGACIÓN.","NARRATIVAS Y PRÁCTICAS CURATORIALES MULTISITUADAS ENTRE LOS ANDES, LA AMAZONÍA Y EL TRÓPICO VPIA-2025-23-PI",390,534,,,,144,1920,0,NO,NO
,Docente Anónimo 20,2025 - 2026,DEPARTAMENTO TRANSVERSAL DE TEORÍAS CRÍTICAS Y PRÁCTICAS EXPERIMENTALES,DEPARTAMENTO TRANSVERSAL,AUXILIAR 1,TIEMPO COMPLETO,48,RANGO DOCENCIA TITULAR POR SEMANA - TIEMPO COMPLETO,PERIODO B,TALLER DE ESCRITURA ACADÉMICA,DEPARTAMENTO TRANSVERSAL,,72,612,TUTORÍA ACADÉMICA,126,918,100,,,,0,,,,534,,,,144,1920,0,NO,NO
,Docente Anónimo 20,2025 - 2026,DEPARTAMENTO TRANSVERSAL DE TEORÍAS CRÍTICAS Y PRÁCTICAS EXPERIMENTALES,DEPARTAMENTO TRANSVERSAL,AUXILIAR 1,TIEMPO COMPLETO,48,RANGO DOCENCIA TITULAR POR SEMANA - TIEMPO COMPLETO,PERIODO B,ELECTIVA I: PROBLEMAS CONTEMPORÁNEOS DE LAS ARTES,DEPARTAMENTO TRANSVERSAL,,72,612,TUTORÍA ACADÉMICA,72,918,100,,,,0,,,,534,,,,144,1920,0,NO,NO
,Docente Anónimo 20,2025 - 2026,DEPARTAMENTO TRANSVERSAL DE TEORÍAS CRÍTICAS Y PRÁCTICAS EXPERIMENTALES,DEPARTAMENTO TRANSVERSAL,AUXILIAR 1,TIEMPO COMPLETO,48,RANGO DOCENCIA TITULAR POR SEMANA - TIEMPO COMPLETO,PERIODO A,MIRADA DE LOS PUEBLOS ORIGINARIOS,LICENCIATURA EN LITERATURA,,72,612,HORAS CLASE,288,918,100,,,,0,,,,534,,,,144,1920,0,NO,NO
,Docente Anónimo 20,2025 - 2026,DEPARTAMENTO TRANSVERSAL DE TEORÍAS CRÍTICAS Y PRÁCTICAS EXPERIMENTALES,DEPARTAMENTO TRANSVERSAL,AUXILIAR 1,TIEMPO COMPLETO,48,RANGO DOCENCIA TITULAR POR SEMANA - TIEMPO COMPLETO,PERIODO A,TALLER DE ESCRITURA ACADÉMICA,DEPARTAMENTO TRANSVERSAL,,72,612,PLANIFICACIÓN DE CLASES,216,918,100,,,,0,,,,534,,,,144,1920,0,NO,NO
,Docente Anónimo 20,2025 - 2026,DEPARTAMENTO TRANSVERSAL DE TEORÍAS CRÍTICAS Y PRÁCTICAS EXPERIMENTALES,DEPARTAMENTO TRANSVERSAL,AUXILIAR 1,TIEMPO COMPLETO,48,RANGO DOCENCIA TITULAR POR SEMANA - TIEMPO COMPLETO,PERIODO A,TALLER DE ESCRITURA ACADÉMICA,DEPARTAMENTO TRANSVERSAL,,72,612,PLANIFICACIÓN DE CLASES,216,918,100,,,,0,,,,534,,,,144,1920,0,NO,NO
,Docente Anónimo 20,2025 - 2026,DEPARTAMENTO TRANSVERSAL DE TEORÍAS CRÍTICAS Y PRÁCTICAS EXPERIMENTALES,DEPARTAMENTO TRANSVERSAL,AUXILIAR 1,TIEMPO COMPLETO,48,RANGO DOCENCIA TITULAR POR SEMANA - TIEMPO COMPLETO,PERIODO A,ELECTIVA I: PROBLEMAS CONTEMPORÁNEOS DE LAS ARTES,DEPARTAMENTO TRANSVERSAL,,72,612,,,918,,,,,0,,,,534,,,,144,1920,0,NO,NO
,Docente Anónimo 20,2025 - 2026,DEPARTAMENTO TRANSVERSAL DE TEORÍAS CRÍTICAS Y PRÁCTICAS EXPERIMENTALES,DEPARTAMENTO TRANSVERSAL,AUXILIAR 1,TIEMPO COMPLETO,48,RANGO DOCENCIA TITULAR POR SEMANA - TIEMPO COMPLETO,PERIODO A,PROYECTO DE TITULACIÓN / UNIDAD DE INTEGRACIÓN CURRICULAR,LICENCIATURA EN LITERATURA,,18,612,,,918,,,,,0,,,,534,,,,144,1920,0,NO,NO
,Docente Anónimo 20,2025 - 2026,DEPARTAMENTO TRANSVERSAL DE TEORÍAS CRÍTICAS Y PRÁCTICAS EXPERIMENTALES,DEPARTAMENTO TRANSVERSAL,AUXILIAR 1,TIEMPO COMPLETO,48,RANGO DOCENCIA TITULAR POR SEMANA - TIEMPO COMPLETO,PERIODO A,PROYECTO DE TITULACIÓN / UNIDAD DE INTEGRACIÓN CURRICULAR,LICENCIATURA EN LITERATURA,,18,612,,,918,,,,,0,,,,534,,,,144,1920,0,NO,NO
21,Docente Anónimo 21,2025 - 2026,DEPARTAMENTO TRANSVERSAL DE TEORÍAS CRÍTICAS Y PRÁCTICAS EXPERIMENTALES,DEPARTAMENTO TRANSVERSAL,DOCENTE OCASIONAL CON TÍTULO DE MAESTRÍA,TIEMPO COMPLETO,48,RANGO DOCENCIA OCASIONAL/HONORARIO/EMÉRITO POR SEMANA - TIEMPO COMPLETO,PERIODO B,ELECTIVA I: PROBLEMAS CONTEMPORÁNEOS DE LAS ARTES,DEPARTAMENTO TRANSVERSAL,,72,720,OTRAS ACTIVIDADES DOCENCIA,0,1080,100,,,,0,"EJECUTAR PROCESOS DE INVESTIGACIÓN CIENTÍFICA O ARTÍSTICA CON EL FIN DE GENERAR PRODUCTOS ACREDITABLES A LA UARTES.
DIRIGIR PROCESOS CURATORIALES. 
* TODAS ESTAS ACTIVIDADES DEBERÁN TOMAR EN CUENTA ELEMENTOS DE PRESENTACIÓN Y DIFUSIÓN DE RESULTADOS DE LA INVESTIGACIÓN.","Arte, mujeres, memoria y espacio público en América Latina VPIA-2025-01-PI",480,480,,,,0,1920,0,NO,NO
,Docente Anónimo 21,2025 - 2026,DEPARTAMENTO TRANSVERSAL DE TEORÍAS CRÍTICAS Y PRÁCTICAS EXPERIMENTALES,DEPARTAMENTO TRANSVERSAL,DOCENTE OCASIONAL CON TÍTULO DE MAESTRÍA,TIEMPO COMPLETO,48,RANGO DOCENCIA OCASIONAL/HONORARIO/EMÉRITO POR SEMANA - TIEMPO COMPLETO,PERIODO B,ELECTIVA I: PROBLEMAS CONTEMPORÁNEOS DE LAS ARTES,DEPARTAMENTO TRANSVERSAL,,72,720,OTRAS ACTIVIDADES DOCENCIA,0,1080,100,,,,0,,,,480,,,,0,1920,0,NO,NO
,Docente Anónimo 21,2025 - 2026,DEPARTAMENTO TRANSVERSAL DE TEORÍAS CRÍTICAS Y PRÁCTICAS EXPERIMENTALES,DEPARTAMENTO TRANSVERSAL,DOCENTE OCASIONAL CON TÍTULO DE MAESTRÍA,TIEMPO COMPLETO,48,RANGO DOCENCIA OCASIONAL/HONORARIO/EMÉRITO POR SEMANA - TIEMPO COMPLETO,PERIODO B,ELECTIVA I: PROBLEMAS CONTEMPORÁNEOS DE LAS ARTES,DEPARTAMENTO TRANSVERSAL,,72,720,TUTORÍA ACADÉMICA,90,1080,100,,,,0,,,,480,,,,0,1920,0,NO,NO
,Docente Anónimo 21,2025 - 2026,DEPARTAMENTO TRANSVERSAL DE TEORÍAS CRÍTICAS Y PRÁCTICAS EXPERIMENTALES,DEPARTAMENTO TRANSVERSAL,DOCENTE OCASIONAL CON TÍTULO DE MAESTRÍA,TIEMPO COMPLETO,48,RANGO DOCENCIA OCASIONAL/HONORARIO/EMÉRITO POR SEMANA - TIEMPO COMPLETO,PERIODO B,POLÍTICA Y CULTURA EN AMÉRICA LATINA,DEPARTAMENTO TRANSVERSAL,,72,720,TUTORÍA ACADÉMICA,90,1080,100,,,,0,,,,480,,,,0,1920,0,NO,NO
,Docente Anónimo 21,2025 - 2026,DEPARTAMENTO TRANSVERSAL DE TEORÍAS CRÍTICAS Y PRÁCTICAS EXPERIMENTALES,DEPARTAMENTO TRANSVERSAL,DOCENTE OCASIONAL CON TÍTULO DE MAESTRÍA,TIEMPO COMPLETO,48,RANGO DOCENCIA OCASIONAL/HONORARIO/EMÉRITO POR SEMANA - TIEMPO COMPLETO,PERIODO B,ELECTIVA II: HERRAMIENTAS PROFESIONALIZANTES,DEPARTAMENTO TRANSVERSAL,,72,720,HORAS CLASE,360,1080,100,,,,0,,,,480,,,,0,1920,0,NO,NO
,Docente Anónimo 21,2025 - 2026,DEPARTAMENTO TRANSVERSAL DE TEORÍAS CRÍTICAS Y PRÁCTICAS EXPERIMENTALES,DEPARTAMENTO TRANSVERSAL,DOCENTE OCASIONAL CON TÍTULO DE MAESTRÍA,TIEMPO COMPLETO,48,RANGO DOCENCIA OCASIONAL/HONORARIO/EMÉRITO POR SEMANA - TIEMPO COMPLETO,PERIODO A,ELECTIVA I: PROBLEMAS CONTEMPORÁNEOS DE LAS ARTES,DEPARTAMENTO TRANSVERSAL,,72,720,PLANIFICACIÓN DE CLASES,270,1080,100,,,,0,,,,480,,,,0,1920,0,NO,NO
,Docente Anónimo 21,2025 - 2026,DEPARTAMENTO TRANSVERSAL DE TEORÍAS CRÍTICAS Y PRÁCTICAS EXPERIMENTALES,DEPARTAMENTO TRANSVERSAL,DOCENTE OCASIONAL CON TÍTULO DE MAESTRÍA,TIEMPO COMPLETO,48,RANGO DOCENCIA OCASIONAL/HONORARIO/EMÉRITO POR SEMANA - TIEMPO COMPLETO,PERIODO A,ELECTIVA I: PROBLEMAS CONTEMPORÁNEOS DE LAS ARTES,DEPARTAMENTO TRANSVERSAL,,72,720,PLANIFICACIÓN DE CLASES,270,1080,100,,,,0,,,,480,,,,0,1920,0,NO,NO
,Docente Anónimo 21,2025 - 2026,DEPARTAMENTO TRANSVERSAL DE TEORÍAS CRÍTICAS Y PRÁCTICAS EXPERIMENTALES,DEPARTAMENTO TRANSVERSAL,DOCENTE OCASIONAL CON TÍTULO DE MAESTRÍA,TIEMPO COMPLETO,48,RANGO DOCENCIA OCASIONAL/HONORARIO/EMÉRITO POR SEMANA - TIEMPO COMPLETO,PERIODO A,ELECTIVA I: PROBLEMAS CONTEMPORÁNEOS DE LAS ARTES,DEPARTAMENTO TRANSVERSAL,,72,720,,,1080,,,,,0,,,,480,,,,0,1920,0,NO,NO
,Docente Anónimo 21,2025 - 2026,DEPARTAMENTO TRANSVERSAL DE TEORÍAS CRÍTICAS Y PRÁCTICAS EXPERIMENTALES,DEPARTAMENTO TRANSVERSAL,DOCENTE OCASIONAL CON TÍTULO DE MAESTRÍA,TIEMPO COMPLETO,48,RANGO DOCENCIA OCASIONAL/HONORARIO/EMÉRITO POR SEMANA - TIEMPO COMPLETO,PERIODO A,POLÍTICA Y CULTURA EN AMÉRICA LATINA,DEPARTAMENTO TRANSVERSAL,,72,720,,,1080,,,,,0,,,,480,,,,0,1920,0,NO,NO
,Docente Anónimo 21,2025 - 2026,DEPARTAMENTO TRANSVERSAL DE TEORÍAS CRÍTICAS Y PRÁCTICAS EXPERIMENTALES,DEPARTAMENTO TRANSVERSAL,DOCENTE OCASIONAL CON TÍTULO DE MAESTRÍA,TIEMPO COMPLETO,48,RANGO DOCENCIA OCASIONAL/HONORARIO/EMÉRITO POR SEMANA - TIEMPO COMPLETO,PERIODO A,ELECTIVA II: HERRAMIENTAS PROFESIONALIZANTES,DEPARTAMENTO TRANSVERSAL,,72,720,,,1080,,,,,0,,,,480,,,,0,1920,0,NO,NO
22,Docente Anónimo 22,2025 - 2026,DEPARTAMENTO TRANSVERSAL DE TEORÍAS CRÍTICAS Y PRÁCTICAS EXPERIMENTALES,DEPARTAMENTO TRANSVERSAL,,TIEMPO COMPLETO,48,,,,,,,,,,,,,,,,,,,,,,,,,,,
23,Docente Anónimo 23,2025 - 2026,DEPARTAMENTO TRANSVERSAL DE TEORÍAS CRÍTICAS Y PRÁCTICAS EXPERIMENTALES,DEPARTAMENTO TRANSVERSAL,PERSONAL DE APOYO 1,TIEMPO COMPLETO,48,,,,,,,,,,,,,,,,,,,,,,,,,,,
24,Docente Anónimo 24,2025 - 2026,DEPARTAMENTO TRANSVERSAL DE TEORÍAS CRÍTICAS Y PRÁCTICAS EXPERIMENTALES,DEPARTAMENTO TRANSVERSAL,DOCENTE INVITADO,TIEMPO COMPLETO,21,RANGO DE DOCENCIA PERSONAL ACADÉMICO INVITADO - TIEMPO COMPLETO,PERIODO A,HISTORIA Y TEORÍAS DE LAS ARTES I,DEPARTAMENTO TRANSVERSAL,,63,315,OTRAS ACTIVIDADES DOCENCIA,0,252,80,,,,0,"A) DISEÑAR, DIRIGIR Y/O EJECUTAR PROYECTOS DE INVESTIGACIÓN BÁSICA, APLICADA, TECNOLÓGICA Y EN ARTES, O PROYECTOS DE VINCULACIÓN ARTICULADOS A LA INVESTIGACIÓN, QUE SUPONGAN CREACIÓN, INNOVACIÓN, DIFUSIÓN Y TRANSFERENCIA DE LOS RESULTADOS OBTENIDOS.
B) REALIZAR INVESTIGACIÓN PARA LA COMPRESNIÍN, RECUPERACIÓN, FORTALECIMIENTO, PUESTA EN VALOR Y POTENCIACIÓN DE LOS SABERES ANCESTRALES.
C) DISEÑAR, ELABORAR Y/O PONER EN MARCHA METODOLOGÍAS, INSTRUMENTS, PROTOCOLOS O PROCEDIMIENTOS OPERATIVOS O DE INVESTIGACIÓN.
D) INVESTIGAR EN LABORATORIOS, CENTROS DOCUMENTALES Y DEMÁS INSTALACIONES HABILITADAS PARA ESTA FUNCIÓN, ASÍ COMO EN ENTORNOS SOCIALES NATURALES O VIRTUALES.
E)PARTICIPAR EN CONGRESOS, SEMINARIOS Y CONFERENCIAS PAR LA PRESENTACIÓND E AVACES Y RESULTADOS DE SUS INVESTIGACIONES.
F) DISEÑAR Y/O PARTICIPAR EN REDES Y PROGRAMAS DE INVESTIGACIÓN LOCAL, NACIONAL E INTERNACIONAL
G)PARTICIPAR EN COMITÉS O CONSEJOS ACADÉMICOS Y EDITORIALES DE REVISTAS CIENTÍFICAS Y ACADÉMICAS INDEXADAS Y/O ARBITRADAS, CURADURÍAS Y/O COMITÉS DE VALORACIÓN DE PROCESOS CREATIVOS, PRODUCCIONES ARTÍSTICAS Y OBRAS RELEVANTES EN EL CAMPO DE LAS ARTES
H) DIFUNDIR RESULTADOS Y BENEFCIOS SOCIALES DE LA INVESTIGACIÓN A TRAVÉS DE PUBLICACIONES, PRODUCCIONES ARTÍSTICAS, ACTUACIONES, CONCIERTOS, CREACIÓN Y ORGANIZACIÓN DE INSTALACIONES Y DE EXPOSICIONES,ENTRE OTROS.",Atlas:  Laboratorio de creación e investigación cinematográfica” VPIA-2023-01-PI ,96,273,,,,0,840,0,NO,NO
,Docente Anónimo 24,2025 - 2026,DEPARTAMENTO TRANSVERSAL DE TEORÍAS CRÍTICAS Y PRÁCTICAS EXPERIMENTALES,DEPARTAMENTO TRANSVERSAL,DOCENTE INVITADO,TIEMPO COMPLETO,21,RANGO DE DOCENCIA PERSONAL ACADÉMICO INVITADO - TIEMPO COMPLETO,PERIODO A,HISTORIA Y TEORÍAS DE LAS ARTES I,DEPARTAMENTO TRANSVERSAL,,63,315,TUTORÍA ACADÉMICA,78.75,252,80,,,,0,PARTICIPAR EN PROGRAMAS O PROYECTOS DIRIGIDOS POR LA DIRECCIÓN DE INVESTIGACIÓN Y PEDAGOGÍA EN ARTES,TRABAJAR LOS PROCESOS DE DISEÑO DE ESPACIOS FORMATIVOS EN LOS QUE SE UTILICEN COMPONENTES VINCULADOS A HISTORIA DEL ARTE Y CRÍTICA PARA LOS PRIMEROS Y SEGUNDOS SEMESTRES. Memorando Nro. UA-VA-DTTCPE-2025-0099-M,177,273,,,,0,840,0,NO,NO
,Docente Anónimo 24,2025 - 2026,DEPARTAMENTO TRANSVERSAL DE TEORÍAS CRÍTICAS Y PRÁCTICAS EXPERIMENTALES,DEPARTAMENTO TRANSVERSAL,DOCENTE INVITADO,TIEMPO COMPLETO,21,RANGO DE DOCENCIA PERSONAL ACADÉMICO INVITADO - TIEMPO COMPLETO,PERIODO A,HISTORIA Y TEORÍAS DE LAS ARTES I,DEPARTAMENTO TRANSVERSAL,,63,315,PLANIFICACIÓN DE CLASES,173.25,252,80,,,,0,,,,273,,,,0,840,0,NO,NO
,Docente Anónimo 24,2025 - 2026,DEPARTAMENTO TRANSVERSAL DE TEORÍAS CRÍTICAS Y PRÁCTICAS EXPERIMENTALES,DEPARTAMENTO TRANSVERSAL,DOCENTE INVITADO,TIEMPO COMPLETO,21,RANGO DE DOCENCIA PERSONAL ACADÉMICO INVITADO - TIEMPO COMPLETO,PERIODO A,HISTORIA Y TEORÍAS DE LAS ARTES I,DEPARTAMENTO TRANSVERSAL,,63,315,,,252,,,,,0,,,,273,,,,0,840,0,NO,NO
,Docente Anónimo 24,2025 - 2026,DEPARTAMENTO TRANSVERSAL DE TEORÍAS CRÍTICAS Y PRÁCTICAS EXPERIMENTALES,DEPARTAMENTO TRANSVERSAL,DOCENTE INVITADO,TIEMPO COMPLETO,21,RANGO DE DOCENCIA PERSONAL ACADÉMICO INVITADO - TIEMPO COMPLETO,PERIODO A,HISTORIA Y TEORÍAS DE LAS ARTES II,DEPARTAMENTO TRANSVERSAL,,63,315,,,252,,,,,0,,,,273,,,,0,840,0,NO,NO
25,Docente Anónimo 25,2025 - 2026,DEPARTAMENTO TRANSVERSAL DE TEORÍAS CRÍTICAS Y PRÁCTICAS EXPERIMENTALES,DEPARTAMENTO TRANSVERSAL,DOCENTE OCASIONAL CON TÍTULO DE MAESTRÍA,TIEMPO COMPLETO,48,RANGO DOCENCIA OCASIONAL/HONORARIO/EMÉRITO POR SEMANA - TIEMPO COMPLETO,PERIODO B,LABORATORIO EN LA COMUNIDAD,DEPARTAMENTO TRANSVERSAL,,72,432,OTRAS ACTIVIDADES DOCENCIA,0,648,100,DIRECCIÓN / CODIRECCIÓN DE PROGRAMAS Y PROYECTOS DE VINCULACIÓN CON LA SOCIEDAD,LA ESNAQUI: ESPACIOS CULTURALES DE PAZ Y CONVIVENCIA - VS-PR-2024-2-T,480,480,"EJECUTAR PROCESOS DE INVESTIGACIÓN CIENTÍFICA O ARTÍSTICA CON EL FIN DE GENERAR PRODUCTOS ACREDITABLES A LA UARTES.
DIRIGIR PROCESOS CURATORIALES. 
* TODAS ESTAS ACTIVIDADES DEBERÁN TOMAR EN CUENTA ELEMENTOS DE PRESENTACIÓN Y DIFUSIÓN DE RESULTADOS DE LA INVESTIGACIÓN.","INNOVACIÓN SOCIO – CULTURAL Y POLÍTICAS DEL CUIDADO: CONSTRUCCIÓN Y DIFUSIÓN DE ETNOGRAFÍAS SENSORIALES BASADAS EN LA PRÁCTICA CREATIVA, SOBRE LAS MATERNIDADES DIVERSAS EN EL SUR DEL ECUADOR - VPIA-2025-30-PI",480,480,INTEGRANTES PRINCIPALES DE LOS CONSEJOS DE ESCUELA - OCASIONAL,Representante principal CDE Creación Teatral UA-VA-UA-VA-DTTCPE-2023-0074-M,96,96,1920,0,NO,NO
,Docente Anónimo 25,2025 - 2026,DEPARTAMENTO TRANSVERSAL DE TEORÍAS CRÍTICAS Y PRÁCTICAS EXPERIMENTALES,DEPARTAMENTO TRANSVERSAL,DOCENTE OCASIONAL CON TÍTULO DE MAESTRÍA,TIEMPO COMPLETO,48,RANGO DOCENCIA OCASIONAL/HONORARIO/EMÉRITO POR SEMANA - TIEMPO COMPLETO,PERIODO B,SEMINARIO ETNOCOREOLOGÍA ECUATORIANA,LICENCIATURA EN DANZA,,72,432,OTRAS ACTIVIDADES DOCENCIA,0,648,100,,,,480,,,,480,,,,96,1920,0,NO,NO
,Docente Anónimo 25,2025 - 2026,DEPARTAMENTO TRANSVERSAL DE TEORÍAS CRÍTICAS Y PRÁCTICAS EXPERIMENTALES,DEPARTAMENTO TRANSVERSAL,DOCENTE OCASIONAL CON TÍTULO DE MAESTRÍA,TIEMPO COMPLETO,48,RANGO DOCENCIA OCASIONAL/HONORARIO/EMÉRITO POR SEMANA - TIEMPO COMPLETO,PERIODO B,LABORATORIO INTERDISCIPLINARIO,DEPARTAMENTO TRANSVERSAL,,72,432,TUTORÍA ACADÉMICA,54,648,100,,,,480,,,,480,,,,96,1920,0,NO,NO
,Docente Anónimo 25,2025 - 2026,DEPARTAMENTO TRANSVERSAL DE TEORÍAS CRÍTICAS Y PRÁCTICAS EXPERIMENTALES,DEPARTAMENTO TRANSVERSAL,DOCENTE OCASIONAL CON TÍTULO DE MAESTRÍA,TIEMPO COMPLETO,48,RANGO DOCENCIA OCASIONAL/HONORARIO/EMÉRITO POR SEMANA - TIEMPO COMPLETO,PERIODO A,ELECTIVA II: HERRAMIENTAS PROFESIONALIZANTES,DEPARTAMENTO TRANSVERSAL,,72,432,TUTORÍA ACADÉMICA,54,648,100,,,,480,,,,480,,,,96,1920,0,NO,NO
,Docente Anónimo 25,2025 - 2026,DEPARTAMENTO TRANSVERSAL DE TEORÍAS CRÍTICAS Y PRÁCTICAS EXPERIMENTALES,DEPARTAMENTO TRANSVERSAL,DOCENTE OCASIONAL CON TÍTULO DE MAESTRÍA,TIEMPO COMPLETO,48,RANGO DOCENCIA OCASIONAL/HONORARIO/EMÉRITO POR SEMANA - TIEMPO COMPLETO,PERIODO A,LABORATORIO EN LA COMUNIDAD,DEPARTAMENTO TRANSVERSAL,,72,432,HORAS CLASE,216,648,100,,,,480,,,,480,,,,96,1920,0,NO,NO
,Docente Anónimo 25,2025 - 2026,DEPARTAMENTO TRANSVERSAL DE TEORÍAS CRÍTICAS Y PRÁCTICAS EXPERIMENTALES,DEPARTAMENTO TRANSVERSAL,DOCENTE OCASIONAL CON TÍTULO DE MAESTRÍA,TIEMPO COMPLETO,48,RANGO DOCENCIA OCASIONAL/HONORARIO/EMÉRITO POR SEMANA - TIEMPO COMPLETO,PERIODO A,SEMINARIO ETNOCOREOLOGÍA ECUATORIANA,LICENCIATURA EN DANZA,,72,432,PLANIFICACIÓN DE CLASES,162,648,100,,,,480,,,,480,,,,96,1920,0,NO,NO
,Docente Anónimo 25,2025 - 2026,DEPARTAMENTO TRANSVERSAL DE TEORÍAS CRÍTICAS Y PRÁCTICAS EXPERIMENTALES,DEPARTAMENTO TRANSVERSAL,DOCENTE OCASIONAL CON TÍTULO DE MAESTRÍA,TIEMPO COMPLETO,48,,,,,,,,PLANIFICACIÓN DE CLASES,162,648,100,,,,480,,,,480,,,,96,1920,0,NO,NO
26,Docente Anónimo 26,2025 - 2026,DEPARTAMENTO TRANSVERSAL DE TEORÍAS CRÍTICAS Y PRÁCTICAS EXPERIMENTALES,DEPARTAMENTO TRANSVERSAL,DOCENTE OCASIONAL CON TÍTULO DE MAESTRÍA,TIEMPO COMPLETO,48,RANGO DOCENCIA OCASIONAL/HONORARIO/EMÉRITO POR SEMANA - TIEMPO COMPLETO,PERIODO B,HISTORIA Y TEORÍAS DE LAS ARTES I,DEPARTAMENTO TRANSVERSAL,,72,432,OTRAS ACTIVIDADES DOCENCIA,0,648,100,INSTRUCTOR DE PROCESOS FORMATIVOS EN PROGRAMAS DE FORMACIÓN CONTINUA,MEMORANDO NRO. UA-VA-DTTCPE-2024-0083-M,96,96,"EJECUTAR PROCESOS DE INVESTIGACIÓN CIENTÍFICA O ARTÍSTICA CON EL FIN DE GENERAR PRODUCTOS ACREDITABLES A LA UARTES. DIRIGIR PROYECTOS EN COLABORACIÓN EXTERNA, EN REDES O PROGRAMAS DE INVESTIGACIÓN LOCAL, NACIONAL E INTERNACIONAL. *TODAS ESTAS ACTIVIDADES DEBERÁN TOMAR EN CUENTA ELEMENTOS DE PRESENTACIÓN Y DIFUSIÓN DE RESULTADOS DE LA INVESTIGACIÓN.",CINETECA UARTES. ARCHIVO Y MEMORIA VPIA-2025-03-PI; LA CRÍTICA COMO ESCRITURA VPIA-2025-19-PI,816,816,"INTEGRANTE DE LOS DIFERENTES COMITÉS, MESAS INSTITUCIONALES, Y DEMÁS NORMADOS EN EL ESTATUTO DE LA UNIVERSIDAD DE LAS ARTES Y REGLAMENTOS CORRESPONDIENTES - OCASIONAL",Integrante del comité editorial de Radio UArtes. Memorando Nro. UA-VA-DTTCPE-2025-0083-M,96,144,1920,0,NO,NO
,Docente Anónimo 26,2025 - 2026,DEPARTAMENTO TRANSVERSAL DE TEORÍAS CRÍTICAS Y PRÁCTICAS EXPERIMENTALES,DEPARTAMENTO TRANSVERSAL,DOCENTE OCASIONAL CON TÍTULO DE MAESTRÍA,TIEMPO COMPLETO,48,RANGO DOCENCIA OCASIONAL/HONORARIO/EMÉRITO POR SEMANA - TIEMPO COMPLETO,PERIODO B,HISTORIA Y TEORÍAS DE LAS ARTES I,DEPARTAMENTO TRANSVERSAL,,72,432,OTRAS ACTIVIDADES DOCENCIA,0,648,100,,,,96,,,,816,INTEGRANTES SUPLENTES DE LOS CONSEJOS DE ESCUELA - OCASIONAL,Representante suplente CIne Memorando Nro. UA-VA-DTTCPE-2023-0074-M,48,144,1920,0,NO,NO
,Docente Anónimo 26,2025 - 2026,DEPARTAMENTO TRANSVERSAL DE TEORÍAS CRÍTICAS Y PRÁCTICAS EXPERIMENTALES,DEPARTAMENTO TRANSVERSAL,DOCENTE OCASIONAL CON TÍTULO DE MAESTRÍA,TIEMPO COMPLETO,48,RANGO DOCENCIA OCASIONAL/HONORARIO/EMÉRITO POR SEMANA - TIEMPO COMPLETO,PERIODO B,HISTORIA Y TEORÍAS DE LAS ARTES I,DEPARTAMENTO TRANSVERSAL,,72,432,TUTORÍA ACADÉMICA,54,648,100,,,,96,,,,816,,,,144,1920,0,NO,NO
,Docente Anónimo 26,2025 - 2026,DEPARTAMENTO TRANSVERSAL DE TEORÍAS CRÍTICAS Y PRÁCTICAS EXPERIMENTALES,DEPARTAMENTO TRANSVERSAL,DOCENTE OCASIONAL CON TÍTULO DE MAESTRÍA,TIEMPO COMPLETO,48,RANGO DOCENCIA OCASIONAL/HONORARIO/EMÉRITO POR SEMANA - TIEMPO COMPLETO,PERIODO A,HISTORIA Y TEORÍAS DE LAS ARTES I,DEPARTAMENTO TRANSVERSAL,,72,432,TUTORÍA ACADÉMICA,54,648,100,,,,96,,,,816,,,,144,1920,0,NO,NO
,Docente Anónimo 26,2025 - 2026,DEPARTAMENTO TRANSVERSAL DE TEORÍAS CRÍTICAS Y PRÁCTICAS EXPERIMENTALES,DEPARTAMENTO TRANSVERSAL,DOCENTE OCASIONAL CON TÍTULO DE MAESTRÍA,TIEMPO COMPLETO,48,RANGO DOCENCIA OCASIONAL/HONORARIO/EMÉRITO POR SEMANA - TIEMPO COMPLETO,PERIODO A,HISTORIA Y TEORÍAS DE LAS ARTES I,DEPARTAMENTO TRANSVERSAL,,72,432,HORAS CLASE,216,648,100,,,,96,,,,816,,,,144,1920,0,NO,NO
,Docente Anónimo 26,2025 - 2026,DEPARTAMENTO TRANSVERSAL DE TEORÍAS CRÍTICAS Y PRÁCTICAS EXPERIMENTALES,DEPARTAMENTO TRANSVERSAL,DOCENTE OCASIONAL CON TÍTULO DE MAESTRÍA,TIEMPO COMPLETO,48,RANGO DOCENCIA OCASIONAL/HONORARIO/EMÉRITO POR SEMANA - TIEMPO COMPLETO,PERIODO A,HISTORIA Y TEORÍAS DE LAS ARTES I,DEPARTAMENTO TRANSVERSAL,,72,432,PLANIFICACIÓN DE CLASES,162,648,100,,,,96,,,,816,,,,144,1920,0,NO,NO
,Docente Anónimo 26,2025 - 2026,DEPARTAMENTO TRANSVERSAL DE TEORÍAS CRÍTICAS Y PRÁCTICAS EXPERIMENTALES,DEPARTAMENTO TRANSVERSAL,DOCENTE OCASIONAL CON TÍTULO DE MAESTRÍA,TIEMPO COMPLETO,48,,,,,,,,PLANIFICACIÓN DE CLASES,162,648,100,,,,96,,,,816,,,,144,1920,0,NO,NO
27,Docente Anónimo 27,2025 - 2026,DEPARTAMENTO TRANSVERSAL DE TEORÍAS CRÍTICAS Y PRÁCTICAS EXPERIMENTALES,DEPARTAMENTO TRANSVERSAL,DOCENTE OCASIONAL CON TÍTULO DE DOCTORADO,TIEMPO COMPLETO,48,EXCEPCIONALIDADES CARGA DE HORAS PARA DOCENCIA PERSONAL ACADÉMICO OCASIONAL - TIEMPO COMPLETO,PERIODO B,POLÍTICA Y CULTURA EN AMÉRICA LATINA,DEPARTAMENTO TRANSVERSAL,,72,288,OTRAS ACTIVIDADES DOCENCIA,0,432,100,,,,0,"EJECUTAR PROCESOS DE INVESTIGACIÓN CIENTÍFICA O ARTÍSTICA CON EL FIN DE GENERAR PRODUCTOS ACREDITABLES A LA UARTES.
DIRIGIR/COORDINAR LA PUBLICACIÓN DE REVISTAS CIENTÍFICAS INDEXADAS O EN PROCESO. DIRIGIR/COORDINAR PUBLICACIONES O COLECCIONES EDITORIALES COMO EDITOR PRINCIPAL.
DIRIGIR PROCESOS CURATORIALES. 
TODAS ESTAS ACTIVIDADES DEBERÁN TOMAR EN CUENTA ELEMENTOS DE PRESENTACIÓN Y DIFUSIÓN DE RESULTADOS DE LA INVESTIGACIÓN.","Las narrativas visuales y textuales de los diarios El Comercio, El Telégrafo y El Universo (1990-2022). Sobre el sujeto subalterno, en el tratamiento de problemáticas nacionales de impacto social VPIA-2023-19-PI",384,384,DIRECTOR/A DE POLÍTICAS DE INVESTIGACIÓN EN ARTES,RESOLUCIÓN No. R-UA-2024-013,960,960,1920,0,NO,NO
,Docente Anónimo 27,2025 - 2026,DEPARTAMENTO TRANSVERSAL DE TEORÍAS CRÍTICAS Y PRÁCTICAS EXPERIMENTALES,DEPARTAMENTO TRANSVERSAL,DOCENTE OCASIONAL CON TÍTULO DE DOCTORADO,TIEMPO COMPLETO,48,EXCEPCIONALIDADES CARGA DE HORAS PARA DOCENCIA PERSONAL ACADÉMICO OCASIONAL - TIEMPO COMPLETO,PERIODO B,POLÍTICA Y CULTURA EN AMÉRICA LATINA,DEPARTAMENTO TRANSVERSAL,,72,288,OTRAS ACTIVIDADES DOCENCIA,0,432,100,,,,0,,,,384,,,,960,1920,0,NO,NO
,Docente Anónimo 27,2025 - 2026,DEPARTAMENTO TRANSVERSAL DE TEORÍAS CRÍTICAS Y PRÁCTICAS EXPERIMENTALES,DEPARTAMENTO TRANSVERSAL,DOCENTE OCASIONAL CON TÍTULO DE DOCTORADO,TIEMPO COMPLETO,48,EXCEPCIONALIDADES CARGA DE HORAS PARA DOCENCIA PERSONAL ACADÉMICO OCASIONAL - TIEMPO COMPLETO,PERIODO A,POLÍTICA Y CULTURA EN AMÉRICA LATINA,DEPARTAMENTO TRANSVERSAL,,72,288,TUTORÍA ACADÉMICA,36,432,100,,,,0,,,,384,,,,960,1920,0,NO,NO
,Docente Anónimo 27,2025 - 2026,DEPARTAMENTO TRANSVERSAL DE TEORÍAS CRÍTICAS Y PRÁCTICAS EXPERIMENTALES,DEPARTAMENTO TRANSVERSAL,DOCENTE OCASIONAL CON TÍTULO DE DOCTORADO,TIEMPO COMPLETO,48,EXCEPCIONALIDADES CARGA DE HORAS PARA DOCENCIA PERSONAL ACADÉMICO OCASIONAL - TIEMPO COMPLETO,PERIODO A,POLÍTICA Y CULTURA EN AMÉRICA LATINA,DEPARTAMENTO TRANSVERSAL,,72,288,TUTORÍA ACADÉMICA,36,432,100,,,,0,,,,384,,,,960,1920,0,NO,NO
,Docente Anónimo 27,2025 - 2026,DEPARTAMENTO TRANSVERSAL DE TEORÍAS CRÍTICAS Y PRÁCTICAS EXPERIMENTALES,DEPARTAMENTO TRANSVERSAL,DOCENTE OCASIONAL CON TÍTULO DE DOCTORADO,TIEMPO COMPLETO,48,,,,,,,,HORAS CLASE,144,432,100,,,,0,,,,384,,,,960,1920,0,NO,NO
,Docente Anónimo 27,2025 - 2026,DEPARTAMENTO TRANSVERSAL DE TEORÍAS CRÍTICAS Y PRÁCTICAS EXPERIMENTALES,DEPARTAMENTO TRANSVERSAL,DOCENTE OCASIONAL CON TÍTULO DE DOCTORADO,TIEMPO COMPLETO,48,,,,,,,,PLANIFICACIÓN DE CLASES,108,432,100,,,,0,,,,384,,,,960,1920,0,NO,NO
,Docente Anónimo 27,2025 - 2026,DEPARTAMENTO TRANSVERSAL DE TEORÍAS CRÍTICAS Y PRÁCTICAS EXPERIMENTALES,DEPARTAMENTO TRANSVERSAL,DOCENTE OCASIONAL CON TÍTULO DE DOCTORADO,TIEMPO COMPLETO,48,,,,,,,,PLANIFICACIÓN DE CLASES,108,432,100,,,,0,,,,384,,,,960,1920,0,NO,NO
28,Docente Anónimo 28,2025 - 2026,DEPARTAMENTO TRANSVERSAL DE TEORÍAS CRÍTICAS Y PRÁCTICAS EXPERIMENTALES,DEPARTAMENTO TRANSVERSAL,DOCENTE OCASIONAL CON TÍTULO DE MAESTRÍA,TIEMPO COMPLETO,48,RANGO DOCENCIA OCASIONAL/HONORARIO/EMÉRITO POR SEMANA - TIEMPO COMPLETO,PERIODO B,TALLER DE ESCRITURA ACADÉMICA,DEPARTAMENTO TRANSVERSAL,,72,576,OTRAS ACTIVIDADES DOCENCIA,0,864,100,"ORGANIZACIÓN DE ACTIVIDADES DE DIVULGACIÓN, DEMOCRATIZACIÓN Y DISTRIBUCIÓN DEL SABER, CIRCULACIÓN DE CONTENIDOS ARTÍSTICOS Y FORMACIÓN DE PÚBLICOS RELACIONADAS A ADMISIONES, EDITORIAL Y/O RADIO UA ENMARCADAS EN UNA PLANIFICACIÓN INSTITUCIONAL.",CORRECCIÓN DE ESTILO LIBRO REUVIC. ,144,144,"EJECUTAR PROCESOS DE INVESTIGACIÓN CIENTÍFICA O ARTÍSTICA CON EL FIN DE GENERAR PRODUCTOS ACREDITABLES A LA UARTES.
DIRIGIR PROCESOS CURATORIALES. 
* TODAS ESTAS ACTIVIDADES DEBERÁN TOMAR EN CUENTA ELEMENTOS DE PRESENTACIÓN Y DIFUSIÓN DE RESULTADOS DE LA INVESTIGACIÓN.",Trayectorias de  vida. Puesta en valor de las historias de vida y organización de las mujeres en Guayaquil VPIA-2025-27-PI,432,432,"INTEGRANTE DE LOS DIFERENTES COMITÉS, MESAS INSTITUCIONALES, Y DEMÁS NORMADOS EN EL ESTATUTO DE LA UNIVERSIDAD DE LAS ARTES Y REGLAMENTOS CORRESPONDIENTES - OCASIONAL",MIEMBRO DEL COMITÉ EDITORIAL DE RADIO UARTES Memorando Nro. UA-VA-DTTCPE-2025-0083-M,144,192,1920,0,NO,NO
,Docente Anónimo 28,2025 - 2026,DEPARTAMENTO TRANSVERSAL DE TEORÍAS CRÍTICAS Y PRÁCTICAS EXPERIMENTALES,DEPARTAMENTO TRANSVERSAL,DOCENTE OCASIONAL CON TÍTULO DE MAESTRÍA,TIEMPO COMPLETO,48,RANGO DOCENCIA OCASIONAL/HONORARIO/EMÉRITO POR SEMANA - TIEMPO COMPLETO,PERIODO B,TALLER DE ESCRITURA ACADÉMICA,DEPARTAMENTO TRANSVERSAL,,72,576,OTRAS ACTIVIDADES DOCENCIA,0,864,100,,,,144,,,,432,INTEGRANTES SUPLENTES DE LOS CONSEJOS DE ESCUELA - OCASIONAL,cde aRTES escénicas Integrantes suplentes de los consejos de Escuela - Ocasional - UA-VA-DTTCPE-2023-0074-M,48,192,1920,0,NO,NO
,Docente Anónimo 28,2025 - 2026,DEPARTAMENTO TRANSVERSAL DE TEORÍAS CRÍTICAS Y PRÁCTICAS EXPERIMENTALES,DEPARTAMENTO TRANSVERSAL,DOCENTE OCASIONAL CON TÍTULO DE MAESTRÍA,TIEMPO COMPLETO,48,RANGO DOCENCIA OCASIONAL/HONORARIO/EMÉRITO POR SEMANA - TIEMPO COMPLETO,PERIODO B,TALLER DE ESCRITURA ACADÉMICA,DEPARTAMENTO TRANSVERSAL,,72,576,TUTORÍA ACADÉMICA,72,864,100,,,,144,,,,432,,,,192,1920,0,NO,NO
,Docente Anónimo 28,2025 - 2026,DEPARTAMENTO TRANSVERSAL DE TEORÍAS CRÍTICAS Y PRÁCTICAS EXPERIMENTALES,DEPARTAMENTO TRANSVERSAL,DOCENTE OCASIONAL CON TÍTULO DE MAESTRÍA,TIEMPO COMPLETO,48,RANGO DOCENCIA OCASIONAL/HONORARIO/EMÉRITO POR SEMANA - TIEMPO COMPLETO,PERIODO B,ELECTIVA I: PROBLEMAS CONTEMPORÁNEOS DE LAS ARTES,DEPARTAMENTO TRANSVERSAL,,72,576,TUTORÍA ACADÉMICA,72,864,100,,,,144,,,,432,,,,192,1920,0,NO,NO
,Docente Anónimo 28,2025 - 2026,DEPARTAMENTO TRANSVERSAL DE TEORÍAS CRÍTICAS Y PRÁCTICAS EXPERIMENTALES,DEPARTAMENTO TRANSVERSAL,DOCENTE OCASIONAL CON TÍTULO DE MAESTRÍA,TIEMPO COMPLETO,48,RANGO DOCENCIA OCASIONAL/HONORARIO/EMÉRITO POR SEMANA - TIEMPO COMPLETO,PERIODO A,TALLER DE ESCRITURA ACADÉMICA,DEPARTAMENTO TRANSVERSAL,,72,576,HORAS CLASE,288,864,100,,,,144,,,,432,,,,192,1920,0,NO,NO
,Docente Anónimo 28,2025 - 2026,DEPARTAMENTO TRANSVERSAL DE TEORÍAS CRÍTICAS Y PRÁCTICAS EXPERIMENTALES,DEPARTAMENTO TRANSVERSAL,DOCENTE OCASIONAL CON TÍTULO DE MAESTRÍA,TIEMPO COMPLETO,48,RANGO DOCENCIA OCASIONAL/HONORARIO/EMÉRITO POR SEMANA - TIEMPO COMPLETO,PERIODO A,TALLER DE ESCRITURA ACADÉMICA,DEPARTAMENTO TRANSVERSAL,,72,576,PLANIFICACIÓN DE CLASES,216,864,100,,,,144,,,,432,,,,192,1920,0,NO,NO
,Docente Anónimo 28,2025 - 2026,DEPARTAMENTO TRANSVERSAL DE TEORÍAS CRÍTICAS Y PRÁCTICAS EXPERIMENTALES,DEPARTAMENTO TRANSVERSAL,DOCENTE OCASIONAL CON TÍTULO DE MAESTRÍA,TIEMPO COMPLETO,48,RANGO DOCENCIA OCASIONAL/HONORARIO/EMÉRITO POR SEMANA - TIEMPO COMPLETO,PERIODO A,TALLER DE ESCRITURA ACADÉMICA,DEPARTAMENTO TRANSVERSAL,,72,576,PLANIFICACIÓN DE CLASES,216,864,100,,,,144,,,,432,,,,192,1920,0,NO,NO
,Docente Anónimo 28,2025 - 2026,DEPARTAMENTO TRANSVERSAL DE TEORÍAS CRÍTICAS Y PRÁCTICAS EXPERIMENTALES,DEPARTAMENTO TRANSVERSAL,DOCENTE OCASIONAL CON TÍTULO DE MAESTRÍA,TIEMPO COMPLETO,48,RANGO DOCENCIA OCASIONAL/HONORARIO/EMÉRITO POR SEMANA - TIEMPO COMPLETO,PERIODO A,ELECTIVA I: PROBLEMAS CONTEMPORÁNEOS DE LAS ARTES,DEPARTAMENTO TRANSVERSAL,,72,576,,,864,,,,,144,,,,432,,,,192,1920,0,NO,NO
29,Docente Anónimo 29,2025 - 2026,DEPARTAMENTO TRANSVERSAL DE TEORÍAS CRÍTICAS Y PRÁCTICAS EXPERIMENTALES,DEPARTAMENTO TRANSVERSAL,AUXILIAR 1,TIEMPO COMPLETO,48,RANGO DOCENCIA TITULAR POR SEMANA - TIEMPO COMPLETO,PERIODO B,LABORATORIO DE ARTE Y TECNOLOGÍA,DEPARTAMENTO TRANSVERSAL,,72,504,OTRAS ACTIVIDADES DOCENCIA,0,792,100,"PARTICIPACIÓN EN PROGRAMAS, PROYECTOS Y/O ACTIVIDADES DE VINCULACIÓN CON LA SOCIEDAD - TIEMPO COMPLETO","POR LOS VIENTOS QUE SOPLAN: PROGRAMA DE CAPACITACIÓN DE ELENCOS Y BANDAS MUSICALES PARA FORTALECER LA FORMACIÓN ARTÍSTICA DE NIÑOS, NIÑAS Y ADOLESCENTES - VS-PR-2025-01-AM",96,96,"EJECUTAR PROCESOS DE INVESTIGACIÓN CIENTÍFICA O ARTÍSTICA CON EL FIN DE GENERAR PRODUCTOS ACREDITABLES A LA UARTES.
DIRIGIR/COORDINAR LA PUBLICACIÓN DE REVISTAS CIENTÍFICAS INDEXADAS O EN PROCESO. DIRIGIR/COORDINAR PUBLICACIONES O COLECCIONES EDITORIALES COMO EDITOR PRINCIPAL.
DIRIGIR PROCESOS CURATORIALES. 
TODAS ESTAS ACTIVIDADES DEBERÁN TOMAR EN CUENTA ELEMENTOS DE PRESENTACIÓN Y DIFUSIÓN DE RESULTADOS DE LA INVESTIGACIÓN.",S.E.R. SOÑANDO EN RED (DREAM WE MUST!) VPIA-2025-25-PI; DISLOCAR: TRANSDUCCIONES PARA LA ACCESIBILIDAD EN LA CREACIÓN ARTÍSTICA - VPIA-2024-02-PI,429,429,"INTEGRANTE DE LOS DIFERENTES COMITÉS, MESAS INSTITUCIONALES, Y DEMÁS NORMADOS EN EL ESTATUTO DE LA UNIVERSIDAD DE LAS ARTES Y REGLAMENTOS CORRESPONDIENTES - NOMBRAMIENTO",Comisión de evaluación de concursos de meritos 2025 RESOLUCIÓN UA-OCS-RSE.2025-004,99,387,1920,0,NO,NO
,Docente Anónimo 29,2025 - 2026,DEPARTAMENTO TRANSVERSAL DE TEORÍAS CRÍTICAS Y PRÁCTICAS EXPERIMENTALES,DEPARTAMENTO TRANSVERSAL,AUXILIAR 1,TIEMPO COMPLETO,48,RANGO DOCENCIA TITULAR POR SEMANA - TIEMPO COMPLETO,PERIODO B,LABORATORIO DE ARTE Y TECNOLOGÍA,DEPARTAMENTO TRANSVERSAL,,72,504,OTRAS ACTIVIDADES DOCENCIA,0,792,100,,,,96,,,,429,INTEGRANTES DE COMISIONES CREADAS POR RESOLUCIÓN O POR DISPOSICIÓN DE AUTORIDAD COMPETENTE - NOMBRAMIENTO,Comité de programación Memorando Nro. UA-VA-DTTCPE-2025-0070-M,144,387,1920,0,NO,NO
,Docente Anónimo 29,2025 - 2026,DEPARTAMENTO TRANSVERSAL DE TEORÍAS CRÍTICAS Y PRÁCTICAS EXPERIMENTALES,DEPARTAMENTO TRANSVERSAL,AUXILIAR 1,TIEMPO COMPLETO,48,RANGO DOCENCIA TITULAR POR SEMANA - TIEMPO COMPLETO,PERIODO B,LABORATORIO DE ARTE Y TECNOLOGÍA,DEPARTAMENTO TRANSVERSAL,,72,504,TUTORÍA ACADÉMICA,54,792,100,,,,96,,,,429,INTEGRANTES PRINCIPALES DEL ÓRGANO COLEGIADO SUPERIOR - NOMBRAMIENTO,Resolución N° UA-TRIBUNAL_ELECTORAL-2024-009-RES,144,387,1920,0,NO,NO
,Docente Anónimo 29,2025 - 2026,DEPARTAMENTO TRANSVERSAL DE TEORÍAS CRÍTICAS Y PRÁCTICAS EXPERIMENTALES,DEPARTAMENTO TRANSVERSAL,AUXILIAR 1,TIEMPO COMPLETO,48,RANGO DOCENCIA TITULAR POR SEMANA - TIEMPO COMPLETO,PERIODO B,LABORATORIO INTERDISCIPLINARIO,DEPARTAMENTO TRANSVERSAL,,72,504,TUTORÍA ACADÉMICA,72,792,100,,,,96,,,,429,,,,387,1920,0,NO,NO
,Docente Anónimo 29,2025 - 2026,DEPARTAMENTO TRANSVERSAL DE TEORÍAS CRÍTICAS Y PRÁCTICAS EXPERIMENTALES,DEPARTAMENTO TRANSVERSAL,AUXILIAR 1,TIEMPO COMPLETO,48,RANGO DOCENCIA TITULAR POR SEMANA - TIEMPO COMPLETO,PERIODO A,LABORATORIO DE ARTE Y TECNOLOGÍA,DEPARTAMENTO TRANSVERSAL,,72,504,HORAS CLASE,288,792,100,,,,96,,,,429,,,,387,1920,0,NO,NO
,Docente Anónimo 29,2025 - 2026,DEPARTAMENTO TRANSVERSAL DE TEORÍAS CRÍTICAS Y PRÁCTICAS EXPERIMENTALES,DEPARTAMENTO TRANSVERSAL,AUXILIAR 1,TIEMPO COMPLETO,48,RANGO DOCENCIA TITULAR POR SEMANA - TIEMPO COMPLETO,PERIODO A,LABORATORIO DE ARTE Y TECNOLOGÍA,DEPARTAMENTO TRANSVERSAL,,72,504,PLANIFICACIÓN DE CLASES,162,792,100,,,,96,,,,429,,,,387,1920,0,NO,NO
,Docente Anónimo 29,2025 - 2026,DEPARTAMENTO TRANSVERSAL DE TEORÍAS CRÍTICAS Y PRÁCTICAS EXPERIMENTALES,DEPARTAMENTO TRANSVERSAL,AUXILIAR 1,TIEMPO COMPLETO,48,RANGO DOCENCIA TITULAR POR SEMANA - TIEMPO COMPLETO,PERIODO A,LABORATORIO INTERDISCIPLINARIO,DEPARTAMENTO TRANSVERSAL,,72,504,PLANIFICACIÓN DE CLASES,216,792,100,,,,96,,,,429,,,,387,1920,0,NO,NO
30,Docente Anónimo 30,2025 - 2026,DEPARTAMENTO TRANSVERSAL DE TEORÍAS CRÍTICAS Y PRÁCTICAS EXPERIMENTALES,DEPARTAMENTO TRANSVERSAL,DOCENTE OCASIONAL CON TÍTULO DE MAESTRÍA,MEDIO TIEMPO,48,RANGO DOCENCIA OCASIONAL/HONORARIO/EMÉRITO POR SEMANA - MEDIO TIEMPO,PERIODO B,TALLER DE ESCRITURA ACADÉMICA,DEPARTAMENTO TRANSVERSAL,,72,576,OTRAS ACTIVIDADES DOCENCIA,0,575.04,66.335,,,,0,,,,0,,,,0,960,0,NO,NO
,Docente Anónimo 30,2025 - 2026,DEPARTAMENTO TRANSVERSAL DE TEORÍAS CRÍTICAS Y PRÁCTICAS EXPERIMENTALES,DEPARTAMENTO TRANSVERSAL,DOCENTE OCASIONAL CON TÍTULO DE MAESTRÍA,MEDIO TIEMPO,48,RANGO DOCENCIA OCASIONAL/HONORARIO/EMÉRITO POR SEMANA - MEDIO TIEMPO,PERIODO B,TALLER DE ESCRITURA ACADÉMICA,DEPARTAMENTO TRANSVERSAL,,72,576,OTRAS ACTIVIDADES DOCENCIA,0,575.04,67,,,,0,,,,0,,,,0,960,0,NO,NO
,Docente Anónimo 30,2025 - 2026,DEPARTAMENTO TRANSVERSAL DE TEORÍAS CRÍTICAS Y PRÁCTICAS EXPERIMENTALES,DEPARTAMENTO TRANSVERSAL,DOCENTE OCASIONAL CON TÍTULO DE MAESTRÍA,MEDIO TIEMPO,48,RANGO DOCENCIA OCASIONAL/HONORARIO/EMÉRITO POR SEMANA - MEDIO TIEMPO,PERIODO B,TALLER DE ESCRITURA ACADÉMICA,DEPARTAMENTO TRANSVERSAL,,72,576,TUTORÍA ACADÉMICA,72,575.04,66.335,,,,0,,,,0,,,,0,960,0,NO,NO
,Docente Anónimo 30,2025 - 2026,DEPARTAMENTO TRANSVERSAL DE TEORÍAS CRÍTICAS Y PRÁCTICAS EXPERIMENTALES,DEPARTAMENTO TRANSVERSAL,DOCENTE OCASIONAL CON TÍTULO DE MAESTRÍA,MEDIO TIEMPO,48,RANGO DOCENCIA OCASIONAL/HONORARIO/EMÉRITO POR SEMANA - MEDIO TIEMPO,PERIODO B,TALLER DE ESCRITURA ACADÉMICA,DEPARTAMENTO TRANSVERSAL,,72,576,TUTORÍA ACADÉMICA,72,575.04,67,,,,0,,,,0,,,,0,960,0,NO,NO
,Docente Anónimo 30,2025 - 2026,DEPARTAMENTO TRANSVERSAL DE TEORÍAS CRÍTICAS Y PRÁCTICAS EXPERIMENTALES,DEPARTAMENTO TRANSVERSAL,DOCENTE OCASIONAL CON TÍTULO DE MAESTRÍA,MEDIO TIEMPO,48,RANGO DOCENCIA OCASIONAL/HONORARIO/EMÉRITO POR SEMANA - MEDIO TIEMPO,PERIODO A,TALLER DE ESCRITURA ACADÉMICA,DEPARTAMENTO TRANSVERSAL,,72,576,HORAS CLASE,191.04,575.04,66.335,,,,0,,,,0,,,,0,960,0,NO,NO
,Docente Anónimo 30,2025 - 2026,DEPARTAMENTO TRANSVERSAL DE TEORÍAS CRÍTICAS Y PRÁCTICAS EXPERIMENTALES,DEPARTAMENTO TRANSVERSAL,DOCENTE OCASIONAL CON TÍTULO DE MAESTRÍA,MEDIO TIEMPO,48,RANGO DOCENCIA OCASIONAL/HONORARIO/EMÉRITO POR SEMANA - MEDIO TIEMPO,PERIODO A,TALLER DE ESCRITURA ACADÉMICA,DEPARTAMENTO TRANSVERSAL,,72,576,PLANIFICACIÓN DE CLASES,119.04,575.04,66.335,,,,0,,,,0,,,,0,960,0,NO,NO
,Docente Anónimo 30,2025 - 2026,DEPARTAMENTO TRANSVERSAL DE TEORÍAS CRÍTICAS Y PRÁCTICAS EXPERIMENTALES,DEPARTAMENTO TRANSVERSAL,DOCENTE OCASIONAL CON TÍTULO DE MAESTRÍA,MEDIO TIEMPO,48,RANGO DOCENCIA OCASIONAL/HONORARIO/EMÉRITO POR SEMANA - MEDIO TIEMPO,PERIODO A,TALLER DE ESCRITURA ACADÉMICA,DEPARTAMENTO TRANSVERSAL,,72,576,PLANIFICACIÓN DE CLASES,120.96,575.04,67,,,,0,,,,0,,,,0,960,0,NO,NO
,Docente Anónimo 30,2025 - 2026,DEPARTAMENTO TRANSVERSAL DE TEORÍAS CRÍTICAS Y PRÁCTICAS EXPERIMENTALES,DEPARTAMENTO TRANSVERSAL,DOCENTE OCASIONAL CON TÍTULO DE MAESTRÍA,MEDIO TIEMPO,48,RANGO DOCENCIA OCASIONAL/HONORARIO/EMÉRITO POR SEMANA - MEDIO TIEMPO,PERIODO A,TALLER DE ESCRITURA ACADÉMICA,DEPARTAMENTO TRANSVERSAL,,72,576,,,575.04,,,,,0,,,,0,,,,0,960,0,NO,NO
